time,source,model,weather_code,temperature_2m_min,temperature_2m_mean,temperature_2m_max,apparent_temperature_min,apparent_temperature_mean,apparent_temperature_max,uv_index_max,uv_index_clear_sky_max,sunrise,sunset,daylight_duration,sunshine_duration,shortwave_radiation_sum,precipitation_sum,rain_sum,showers_sum,snowfall_sum,precipitation_hours,precipitation_probability_min,precipitation_probability_mean,precipitation_probability_max,cloud_cover_min,cloud_cover_mean,cloud_cover_max,visibility_min,visibility_mean,visibility_max,cape_min,cape_mean,cape_max,relative_humidity_2m_min,relative_humidity_2m_mean,relative_humidity_2m_max,dew_point_2m_min,dew_point_2m_mean,dew_point_2m_max,wet_bulb_temperature_2m_min,wet_bulb_temperature_2m_mean,wet_bulb_temperature_2m_max,wind_speed_10m_min,wind_speed_10m_mean,wind_speed_10m_max,wind_gusts_10m_min,wind_gusts_10m_mean,wind_gusts_10m_max,wind_direction_10m_dominant,pressure_msl_min,pressure_msl_mean,pressure_msl_max,surface_pressure_min,surface_pressure_mean,surface_pressure_max,et0_fao_evapotranspiration,vapour_pressure_deficit_max,leaf_wetness_probability_mean,timezone,latitude_grid,longitude_grid,elevation_m,generationtime_ms
2026-09-22,deterministic,best_match,3,63.1,67.8,72.4,62.7,68.6,75.0,6.85,6.85,2026-09-22T06:42,2026-09-22T18:50,43713.07,39204.06,19.84,0.0,0.0,0.0,0.0,0.0,0,0,0,1,25,100,40354.332,61720.8,78412.072,0.0,0.4,10.0,68,77,93,52.9,60.2,65.0,56.8,62.7,66.7,0.7,7.2,15.5,2.5,8.9,19.9,273,1010.0,1011.9,1014.2,999.9,1001.8,1004.2,0.13,0.75,46,America/Los_Angeles,34.03202,-118.52633,86.0,75.58202743530273
2026-09-23,deterministic,best_match,45,60.7,66.8,72.6,60.6,70.0,78.4,6.85,6.85,2026-09-23T06:43,2026-09-23T18:49,43586.81,35064.13,19.84,0.0,0.0,0.0,0.0,0.0,0,1,4,9,36,100,328.084,42302.328,53477.692,0.0,0.4,10.0,81,88,100,55.8,63.2,66.8,57.3,64.2,68.5,1.0,4.8,8.2,2.0,5.6,9.2,276,1010.5,1012.0,1014.4,1000.4,1001.9,1004.3,0.128,0.52,78,America/Los_Angeles,34.03202,-118.52633,86.0,75.58202743530273
2026-09-24,deterministic,best_match,45,65.0,73.7,81.5,67.8,76.6,85.0,6.8,6.8,2026-09-24T06:43,2026-09-24T18:47,43460.21,42216.0,21.68,0.0,0.0,0.0,0.0,0.0,0,0,0,0,16,100,1246.719,64953.792,79199.48,0.0,39.6,240.0,49,70,93,60.5,62.9,64.2,63.2,66.4,68.4,1.6,4.9,9.3,1.6,4.7,10.5,196,1009.1,1011.2,1014.3,999.3,1001.3,1004.2,0.172,1.87,28,America/Los_Angeles,34.03202,-118.52633,86.0,75.58202743530273
2026-09-25,deterministic,best_match,3,70.3,75.6,83.5,74.0,78.2,85.5,6.25,6.75,2026-09-25T06:44,2026-09-25T18:46,43333.35,42131.35,20.68,0.0,0.0,0.0,0.0,0.0,0,0,0,0,36,100,3674.541,73324.04,79199.48,0.0,0.0,0.0,41,63,77,57.3,61.3,63.2,65.1,66.2,67.5,0.2,3.9,8.4,1.1,3.8,7.6,195,1009.4,1010.8,1012.1,999.5,1000.9,1002.2,0.17,2.31,12,America/Los_Angeles,34.03202,-118.52633,86.0,75.58202743530273
2026-09-26,deterministic,best_match,3,71.8,76.5,83.6,74.9,77.8,83.6,6.1,6.75,2026-09-26T06:45,2026-09-26T18:45,43206.31,41709.56,20.28,0.0,0.0,0.0,0.0,0.0,0,0,0,9,92,100,79199.48,79199.48,79199.48,0.0,0.0,0.0,34,53,68,52.2,57.0,61.7,63.2,64.3,65.7,0.0,3.5,8.4,0.4,3.4,8.3,200,1010.1,1011.0,1012.1,1000.2,1001.1,1002.3,0.174,2.58,1,America/Los_Angeles,34.03202,-118.52633,86.0,75.58202743530273
2026-09-27,deterministic,best_match,3,70.5,74.6,79.0,72.1,74.9,79.9,6.65,6.65,2026-09-27T06:45,2026-09-27T18:43,43079.16,41962.03,22.06,0.0,0.0,0.0,0.0,0.0,0,1,1,0,17,100,79199.48,79199.48,79199.48,0.0,0.0,0.0,41,51,66,50.0,54.7,58.7,59.6,62.4,63.6,0.4,4.1,8.9,0.7,4.4,10.1,213,1008.9,1010.6,1012.0,999.0,1000.7,1002.1,0.183,1.99,0,America/Los_Angeles,34.03202,-118.52633,86.0,75.58202743530273
2026-09-28,deterministic,best_match,0,69.2,74.0,80.8,68.5,72.1,78.4,6.6,6.6,2026-09-28T06:46,2026-09-28T18:42,42951.99,41877.58,22.23,0.0,0.0,0.0,0.0,0.0,3,3,4,0,0,0,79199.48,79199.48,79199.48,0.0,0.0,0.0,22,40,53,36.9,47.2,52.2,56.4,58.7,60.3,0.5,4.3,11.8,2.0,4.9,11.0,202,1006.7,1008.5,1010.1,996.8,998.6,1000.2,0.189,2.75,0,America/Los_Angeles,34.03202,-118.52633,86.0,75.58202743530273
2026-09-29,deterministic,best_match,0,72.2,78.2,85.8,68.5,75.7,83.5,6.65,6.65,2026-09-29T06:47,2026-09-29T18:40,42824.88,41793.39,22.09,0.0,0.0,0.0,0.0,0.0,1,1,1,0,0,0,79199.48,79199.48,79199.48,0.0,0.0,0.0,16,30,44,34.1,43.3,52.4,54.6,58.9,61.9,1.0,3.7,7.8,1.6,4.0,8.7,229,1003.9,1005.8,1007.1,994.2,996.0,997.2,0.201,3.5,0,America/Los_Angeles,34.03202,-118.52633,86.0,75.58202743530273
2026-09-30,deterministic,best_match,0,75.2,80.7,86.9,73.3,79.1,83.8,6.55,6.55,2026-09-30T06:48,2026-09-30T18:39,42697.91,41709.57,21.12,0.0,0.0,0.0,0.0,0.0,1,2,2,0,0,0,79199.48,79199.48,79199.48,0.0,0.0,0.0,25,34,44,44.2,49.0,54.1,58.7,62.1,65.4,0.5,4.1,10.2,1.3,5.8,14.3,229,1002.9,1004.7,1005.9,993.3,994.9,996.0,0.199,3.1,0,America/Los_Angeles,34.03202,-118.52633,86.0,75.58202743530273
2026-10-01,deterministic,best_match,0,69.8,73.5,78.4,69.9,73.5,78.5,6.5,6.5,2026-10-01T06:48,2026-10-01T18:38,42571.15,41626.21,21.24,0.0,0.0,0.0,0.0,0.0,0,2,4,0,0,0,79199.48,79199.48,79199.48,0.0,0.0,0.0,45,60,72,54.9,58.4,61.2,62.4,63.8,64.9,3.6,7.6,11.7,3.1,8.7,15.0,145,1005.8,1008.5,1010.2,995.9,998.6,1000.3,0.186,1.83,4,America/Los_Angeles,34.03202,-118.52633,86.0,75.58202743530273
2026-10-02,deterministic,best_match,0,67.8,71.7,77.3,69.1,73.2,79.1,6.4,6.4,2026-10-02T06:49,2026-10-02T18:36,42444.7,41543.43,20.89,0.0,0.0,0.0,0.0,0.0,1,1,1,0,0,0,79199.48,79199.48,79199.48,0.0,0.0,0.0,52,65,74,57.6,59.3,61.2,61.8,63.6,65.2,2.1,4.9,9.1,2.0,4.7,7.4,182,1008.1,1009.1,1010.1,998.1,999.1,1000.2,0.161,1.54,10,America/Los_Angeles,34.03202,-118.52633,86.0,75.58202743530273
2026-10-03,deterministic,best_match,3,71.8,80.1,88.0,71.2,78.8,85.3,6.35,6.4,2026-10-03T06:50,2026-10-03T18:35,42318.63,40063.16,20.11,0.0,0.0,0.0,0.0,0.0,0,1,6,0,43,100,79199.48,79199.48,79199.48,0.0,0.0,0.0,18,36,68,37.9,47.9,61.0,57.3,61.6,64.7,0.8,3.4,7.3,0.9,4.1,7.8,240,1008.4,1009.8,1011.4,998.7,1000.0,1001.7,0.191,3.56,0,America/Los_Angeles,34.03202,-118.52633,86.0,75.58202743530273
2026-10-04,deterministic,best_match,3,74.4,80.3,85.4,75.8,79.6,84.9,6.35,6.35,2026-10-04T06:50,2026-10-04T18:33,42193.02,41220.75,20.65,0.0,0.0,0.0,0.0,0.0,0,3,10,0,44,100,79199.48,79199.48,79199.48,0.0,0.0,0.0,26,38,57,46.7,51.4,58.6,61.9,63.1,64.4,0.9,3.9,8.5,1.1,4.9,11.9,208,1007.5,1009.3,1011.0,997.8,999.5,1001.1,0.194,3.08,0,America/Los_Angeles,34.03202,-118.52633,86.0,75.58202743530273
2026-10-05,deterministic,best_match,0,72.7,76.9,82.6,73.8,77.0,82.8,6.3,6.3,2026-10-05T06:51,2026-10-05T18:32,42067.96,40983.8,20.67,0.0,0.0,0.0,0.0,0.0,6,6,10,0,1,6,79199.48,79199.48,79199.48,0.0,0.0,0.0,34,47,58,51.4,54.6,57.7,62.2,63.2,64.4,2.3,4.3,8.8,2.5,4.4,8.7,184,1007.5,1008.7,1009.8,997.7,998.9,1000.0,0.183,2.51,0,America/Los_Angeles,34.03202,-118.52633,86.0,75.58202743530273
2026-09-22,deterministic,ncep_hrrr_conus,3.0,63.1,67.9,72.7,62.7,68.9,76.3,,,2026-09-22T06:42,2026-09-22T18:50,43713.07,38998.5,20.1,0.0,0.0,0.0,0.0,0.0,0.0,0.0,0.0,1.0,25.0,100.0,41666.668,62144.576,78412.072,0.0,0.4,10.0,68.0,77.0,93.0,52.9,60.3,65.2,56.8,62.8,67.1,0.7,7.2,15.1,2.7,8.7,19.7,273.0,1010.0,1011.9,1014.2,999.9,1001.8,1004.2,0.134,0.76,45.0,America/Los_Angeles,34.03202,-118.52633,86.0,1.469254493713379
2026-09-23,deterministic,ncep_hrrr_conus,45.0,60.7,66.8,72.6,60.6,70.0,78.4,,,2026-09-23T06:43,2026-09-23T18:49,43586.81,35064.13,19.84,0.0,0.0,0.0,0.0,0.0,0.0,1.0,4.0,9.0,36.0,100.0,328.084,42336.508,53477.692,0.0,0.4,10.0,81.0,88.0,100.0,55.8,63.2,66.8,57.3,64.2,68.5,1.0,4.8,8.2,2.0,5.6,9.2,276.0,1010.5,1012.0,1014.4,1000.4,1001.9,1004.3,0.128,0.52,78.0,America/Los_Angeles,34.03202,-118.52633,86.0,1.469254493713379
2026-09-24,deterministic,ncep_hrrr_conus,,,,,,,,,,2026-09-24T06:43,2026-09-24T18:47,43460.21,,,,,,,0.0,0.0,0.0,0.0,,,,,,,,,,,,,,,,,,,,,,,,,,,,,,,,,,,America/Los_Angeles,34.03202,-118.52633,86.0,1.469254493713379
2026-09-25,deterministic,ncep_hrrr_conus,,,,,,,,,,2026-09-25T06:44,2026-09-25T18:46,43333.35,,,,,,,0.0,0.0,0.0,0.0,,,,,,,,,,,,,,,,,,,,,,,,,,,,,,,,,,,America/Los_Angeles,34.03202,-118.52633,86.0,1.469254493713379
2026-09-26,deterministic,ncep_hrrr_conus,,,,,,,,,,2026-09-26T06:45,2026-09-26T18:45,43206.31,,,,,,,0.0,0.0,0.0,0.0,,,,,,,,,,,,,,,,,,,,,,,,,,,,,,,,,,,America/Los_Angeles,34.03202,-118.52633,86.0,1.469254493713379
2026-09-27,deterministic,ncep_hrrr_conus,,,,,,,,,,2026-09-27T06:45,2026-09-27T18:43,43079.16,,,,,,,0.0,0.0,1.0,1.0,,,,,,,,,,,,,,,,,,,,,,,,,,,,,,,,,,,America/Los_Angeles,34.03202,-118.52633,86.0,1.469254493713379
2026-09-28,deterministic,ncep_hrrr_conus,,,,,,,,,,2026-09-28T06:46,2026-09-28T18:42,42951.99,,,,,,,0.0,3.0,3.0,4.0,,,,,,,,,,,,,,,,,,,,,,,,,,,,,,,,,,,America/Los_Angeles,34.03202,-118.52633,86.0,1.469254493713379
2026-09-29,deterministic,ncep_hrrr_conus,,,,,,,,,,2026-09-29T06:47,2026-09-29T18:40,42824.88,,,,,,,0.0,1.0,1.0,1.0,,,,,,,,,,,,,,,,,,,,,,,,,,,,,,,,,,,America/Los_Angeles,34.03202,-118.52633,86.0,1.469254493713379
2026-09-30,deterministic,ncep_hrrr_conus,,,,,,,,,,2026-09-30T06:48,2026-09-30T18:39,42697.91,,,,,,,0.0,1.0,2.0,2.0,,,,,,,,,,,,,,,,,,,,,,,,,,,,,,,,,,,America/Los_Angeles,34.03202,-118.52633,86.0,1.469254493713379
2026-10-01,deterministic,ncep_hrrr_conus,,,,,,,,,,2026-10-01T06:48,2026-10-01T18:38,42571.15,,,,,,,0.0,0.0,2.0,4.0,,,,,,,,,,,,,,,,,,,,,,,,,,,,,,,,,,,America/Los_Angeles,34.03202,-118.52633,86.0,1.469254493713379
2026-10-02,deterministic,ncep_hrrr_conus,,,,,,,,,,2026-10-02T06:49,2026-10-02T18:36,42444.7,,,,,,,0.0,1.0,1.0,1.0,,,,,,,,,,,,,,,,,,,,,,,,,,,,,,,,,,,America/Los_Angeles,34.03202,-118.52633,86.0,1.469254493713379
2026-10-03,deterministic,ncep_hrrr_conus,,,,,,,,,,2026-10-03T06:50,2026-10-03T18:35,42318.63,,,,,,,0.0,,,,,,,,,,,,,,,,,,,,,,,,,,,,,,,,,,,,,,America/Los_Angeles,34.03202,-118.52633,86.0,1.469254493713379
2026-10-04,deterministic,ncep_hrrr_conus,,,,,,,,,,2026-10-04T06:50,2026-10-04T18:33,42193.02,,,,,,,0.0,,,,,,,,,,,,,,,,,,,,,,,,,,,,,,,,,,,,,,America/Los_Angeles,34.03202,-118.52633,86.0,1.469254493713379
2026-10-05,deterministic,ncep_hrrr_conus,,,,,,,,,,2026-10-05T06:51,2026-10-05T18:32,42067.96,,,,,,,0.0,,,,,,,,,,,,,,,,,,,,,,,,,,,,,,,,,,,,,,America/Los_Angeles,34.03202,-118.52633,86.0,1.469254493713379
2026-09-22,deterministic,ncep_nbm_conus,0.0,63.9,67.9,71.8,66.3,70.8,75.4,,,2026-09-22T06:42,2026-09-22T18:50,43713.1,39600.0,21.18,0.0,0.0,0.0,0.0,0.0,0.0,0.0,0.0,2.0,9.0,19.0,53149.604,53215.224,53412.076,0.0,5.8,30.0,80.0,85.0,90.0,59.6,63.2,66.0,61.0,64.5,67.7,2.0,5.4,12.1,4.0,8.8,17.9,264.0,,,,,,,0.131,0.53,68.0,America/Los_Angeles,34.036774,-118.519165,86.0,35.413503646850586
2026-09-23,deterministic,ncep_nbm_conus,2.0,66.0,70.9,76.3,67.4,73.5,80.0,,,2026-09-23T06:43,2026-09-23T18:49,43586.82,,,0.0,0.0,0.0,0.0,0.0,0.0,1.0,4.0,8.0,23.0,53.0,36351.708,50492.124,53412.076,0.0,63.3,240.0,65.0,76.0,88.0,58.2,62.8,66.6,60.9,65.3,69.5,1.3,5.4,10.7,4.5,8.9,15.4,200.0,,,,,,,,1.03,34.0,America/Los_Angeles,34.036774,-118.519165,86.0,35.413503646850586
2026-09-24,deterministic,ncep_nbm_conus,2.0,68.1,71.5,75.9,70.1,75.3,79.5,,,2026-09-24T06:43,2026-09-24T18:47,43460.2,,,0.0,0.0,0.0,0.0,0.0,0.0,0.0,0.0,10.0,31.0,55.0,27690.29,49475.068,53477.692,30.0,107.1,230.0,75.0,82.0,91.0,63.2,65.8,68.3,64.6,67.4,70.3,1.6,5.0,10.3,3.8,8.2,15.4,196.0,,,,,,,,0.76,53.0,America/Los_Angeles,34.036774,-118.519165,86.0,35.413503646850586
2026-09-25,deterministic,ncep_nbm_conus,2.0,68.0,71.8,76.1,72.6,76.0,80.0,,,2026-09-25T06:44,2026-09-25T18:46,43333.31,,,0.0,0.0,0.0,0.0,0.0,0.0,0.0,0.0,26.0,41.0,64.0,,,,0.0,33.8,80.0,76.0,83.0,91.0,64.5,66.4,68.2,65.5,67.9,70.4,1.6,4.6,10.5,3.6,7.7,15.9,230.0,,,,,,,,0.74,55.0,America/Los_Angeles,34.036774,-118.519165,86.0,35.413503646850586
2026-09-26,deterministic,ncep_nbm_conus,2.0,68.5,71.9,76.3,72.0,75.3,79.6,,,2026-09-26T06:45,2026-09-26T18:44,43206.25,,,0.0,0.0,0.0,0.0,0.0,0.0,0.0,0.0,33.0,51.0,70.0,,,,10.0,31.7,70.0,70.0,78.0,85.0,62.7,64.6,66.1,64.4,66.8,69.0,2.0,4.6,9.6,4.3,7.8,14.8,203.0,,,,,,,,0.93,38.0,America/Los_Angeles,34.036774,-118.519165,86.0,35.413503646850586
2026-09-27,deterministic,ncep_nbm_conus,2.0,67.3,70.1,73.8,69.5,72.7,76.0,,,2026-09-27T06:45,2026-09-27T18:43,43079.08,,,0.0,0.0,0.0,0.0,0.0,0.0,1.0,1.0,24.0,38.0,62.0,,,,0.0,13.8,60.0,72.0,79.0,85.0,61.3,63.3,64.5,63.1,65.3,67.2,1.8,5.0,11.2,4.3,8.2,16.6,218.0,,,,,,,,0.8,46.0,America/Los_Angeles,34.036774,-118.519165,86.0,35.413503646850586
2026-09-28,deterministic,ncep_nbm_conus,1.0,65.8,68.8,72.7,66.8,70.2,73.4,,,2026-09-28T06:46,2026-09-28T18:42,42951.89,,,0.0,0.0,0.0,0.0,0.0,3.0,3.0,4.0,6.0,25.0,47.0,,,,0.0,4.6,10.0,68.0,76.0,81.0,59.5,60.9,62.2,61.6,63.4,65.3,2.5,5.5,11.4,5.1,9.1,17.2,213.0,,,,,,,,0.88,39.0,America/Los_Angeles,34.036774,-118.519165,86.0,35.413503646850586
2026-09-29,deterministic,ncep_nbm_conus,1.0,65.1,69.6,74.3,65.7,70.5,75.1,,,2026-09-29T06:47,2026-09-29T18:40,42824.75,,,0.0,0.0,0.0,0.0,0.0,1.0,1.0,1.0,4.0,15.0,26.0,,,,0.0,4.2,10.0,64.0,72.0,79.0,56.6,60.1,63.5,59.5,63.2,66.7,2.5,5.9,10.3,5.1,9.4,15.9,208.0,,,,,,,,1.03,27.0,America/Los_Angeles,34.036774,-118.519165,86.0,35.413503646850586
2026-09-30,deterministic,ncep_nbm_conus,1.0,66.0,70.2,73.9,66.8,71.8,76.3,,,2026-09-30T06:47,2026-09-30T18:39,42697.76,,,0.0,0.0,0.0,0.0,0.0,1.0,2.0,2.0,10.0,26.0,46.0,,,,0.0,7.5,20.0,68.0,74.0,79.0,58.2,61.4,64.2,60.9,64.2,67.2,2.0,5.6,10.3,4.9,9.3,15.7,280.0,,,,,,,,0.9,28.0,America/Los_Angeles,34.036774,-118.519165,86.0,35.413503646850586
2026-10-01,deterministic,ncep_nbm_conus,1.0,66.7,70.9,74.5,68.6,72.4,76.8,,,2026-10-01T06:48,2026-10-01T18:37,42570.98,,,0.0,0.0,0.0,0.0,0.0,0.0,2.0,4.0,13.0,27.0,43.0,,,,0.0,7.5,20.0,68.0,73.0,79.0,59.3,61.7,64.1,61.8,64.6,67.3,2.0,6.0,11.9,4.7,9.5,17.7,188.0,,,,,,,,0.93,24.0,America/Los_Angeles,34.036774,-118.519165,86.0,35.413503646850586
2026-10-02,deterministic,ncep_nbm_conus,1.0,66.9,70.8,74.5,65.6,71.6,76.5,,,2026-10-02T06:49,2026-10-02T18:36,42444.51,,,0.0,0.0,0.0,0.0,0.0,1.0,1.0,1.0,11.0,28.0,45.0,,,,0.0,13.3,30.0,68.0,71.0,75.0,58.5,61.1,64.0,61.4,64.3,67.3,2.5,7.3,15.0,5.4,10.9,19.7,268.0,,,,,,,,0.92,20.0,America/Los_Angeles,34.036774,-118.519165,86.0,35.413503646850586
2026-10-03,deterministic,ncep_nbm_conus,,,,,,,,,,2026-10-03T06:50,2026-10-03T18:35,42318.41,,,,,,,0.0,,,,,,,,,,,,,,,,,,,,,,,,,,,,,,,,,,,,,,America/Los_Angeles,34.036774,-118.519165,86.0,35.413503646850586
2026-10-04,deterministic,ncep_nbm_conus,,,,,,,,,,2026-10-04T06:50,2026-10-04T18:33,42192.78,,,,,,,0.0,,,,,,,,,,,,,,,,,,,,,,,,,,,,,,,,,,,,,,America/Los_Angeles,34.036774,-118.519165,86.0,35.413503646850586
2026-10-05,deterministic,ncep_nbm_conus,,,,,,,,,,2026-10-05T06:51,2026-10-05T18:32,42067.7,,,,,,,0.0,,,,,,,,,,,,,,,,,,,,,,,,,,,,,,,,,,,,,,America/Los_Angeles,34.036774,-118.519165,86.0,35.413503646850586
2026-09-22,deterministic,ncep_nam_conus,0.0,65.8,68.1,69.8,69.0,71.6,75.7,,,2026-09-22T06:42,2026-09-22T18:50,43713.25,36000.0,17.02,0.0,0.0,0.0,0.0,0.0,,,,0.0,5.0,18.0,79068.24,79068.24,79068.24,0.0,18.8,130.0,79.0,86.0,99.0,60.8,63.8,67.5,62.7,65.1,67.9,0.2,3.9,10.0,0.4,4.8,13.4,215.0,1008.7,1011.3,1013.9,998.7,1001.2,1003.8,0.102,0.52,72.0,America/Los_Angeles,34.058224,-118.53368,86.0,409.7532033920288
2026-09-23,deterministic,ncep_nam_conus,51.0,65.0,66.6,68.0,70.0,71.2,72.9,,,2026-09-23T06:43,2026-09-23T18:49,43586.87,0.0,7.94,0.028,0.028,0.0,0.0,7.0,,,,2.0,30.0,52.0,0.0,19767.06,79068.24,0.0,0.0,0.0,94.0,97.0,100.0,64.7,65.6,66.5,64.8,65.9,66.9,0.2,2.7,5.7,0.4,2.8,6.0,244.0,1009.2,1010.2,1011.3,999.1,1000.1,1001.2,0.053,0.14,99.0,America/Los_Angeles,34.058224,-118.53368,86.0,409.7532033920288
2026-09-24,deterministic,ncep_nam_conus,,,,,,,,,,2026-09-24T06:43,2026-09-24T18:47,43460.14,,,,,,,7.0,,,,,,,,,,,,,,,,,,,,,,,,,,,,,,,,,,,,,,America/Los_Angeles,34.058224,-118.53368,86.0,409.7532033920288
2026-09-25,deterministic,ncep_nam_conus,,,,,,,,,,2026-09-25T06:44,2026-09-25T18:46,43333.15,,,,,,,0.0,,,,,,,,,,,,,,,,,,,,,,,,,,,,,,,,,,,,,,America/Los_Angeles,34.058224,-118.53368,86.0,409.7532033920288
2026-09-26,deterministic,ncep_nam_conus,,,,,,,,,,2026-09-26T06:45,2026-09-26T18:45,43205.98,,,,,,,0.0,,,,,,,,,,,,,,,,,,,,,,,,,,,,,,,,,,,,,,America/Los_Angeles,34.058224,-118.53368,86.0,409.7532033920288
2026-09-27,deterministic,ncep_nam_conus,,,,,,,,,,2026-09-27T06:45,2026-09-27T18:43,43078.71,,,,,,,0.0,,,,,,,,,,,,,,,,,,,,,,,,,,,,,,,,,,,,,,America/Los_Angeles,34.058224,-118.53368,86.0,409.7532033920288
2026-09-28,deterministic,ncep_nam_conus,,,,,,,,,,2026-09-28T06:46,2026-09-28T18:42,42951.42,,,,,,,0.0,,,,,,,,,,,,,,,,,,,,,,,,,,,,,,,,,,,,,,America/Los_Angeles,34.058224,-118.53368,86.0,409.7532033920288
2026-09-29,deterministic,ncep_nam_conus,,,,,,,,,,2026-09-29T06:47,2026-09-29T18:40,42824.19,,,,,,,0.0,,,,,,,,,,,,,,,,,,,,,,,,,,,,,,,,,,,,,,America/Los_Angeles,34.058224,-118.53368,86.0,409.7532033920288
2026-09-30,deterministic,ncep_nam_conus,,,,,,,,,,2026-09-30T06:48,2026-09-30T18:39,42697.08,,,,,,,0.0,,,,,,,,,,,,,,,,,,,,,,,,,,,,,,,,,,,,,,America/Los_Angeles,34.058224,-118.53368,86.0,409.7532033920288
2026-10-01,deterministic,ncep_nam_conus,,,,,,,,,,2026-10-01T06:48,2026-10-01T18:38,42570.21,,,,,,,0.0,,,,,,,,,,,,,,,,,,,,,,,,,,,,,,,,,,,,,,America/Los_Angeles,34.058224,-118.53368,86.0,409.7532033920288
2026-10-02,deterministic,ncep_nam_conus,,,,,,,,,,2026-10-02T06:49,2026-10-02T18:36,42443.63,,,,,,,0.0,,,,,,,,,,,,,,,,,,,,,,,,,,,,,,,,,,,,,,America/Los_Angeles,34.058224,-118.53368,86.0,409.7532033920288
2026-10-03,deterministic,ncep_nam_conus,,,,,,,,,,2026-10-03T06:50,2026-10-03T18:35,42317.43,,,,,,,0.0,,,,,,,,,,,,,,,,,,,,,,,,,,,,,,,,,,,,,,America/Los_Angeles,34.058224,-118.53368,86.0,409.7532033920288
2026-10-04,deterministic,ncep_nam_conus,,,,,,,,,,2026-10-04T06:50,2026-10-04T18:33,42191.7,,,,,,,0.0,,,,,,,,,,,,,,,,,,,,,,,,,,,,,,,,,,,,,,America/Los_Angeles,34.058224,-118.53368,86.0,409.7532033920288
2026-10-05,deterministic,ncep_nam_conus,,,,,,,,,,2026-10-05T06:51,2026-10-05T18:32,42066.51,,,,,,,0.0,,,,,,,,,,,,,,,,,,,,,,,,,,,,,,,,,,,,,,America/Los_Angeles,34.058224,-118.53368,86.0,409.7532033920288
2026-09-22,deterministic,ncep_gfs_global,1,66.5,71.1,75.7,69.3,73.2,78.6,6.85,6.85,2026-09-22T06:42,2026-09-22T18:50,43713.07,42384.81,21.64,0.0,0.0,0.0,0.0,0.0,0,0,0,0,6,37,8333.333,73980.2,79199.48,0.0,0.0,0.0,58,71,82,59.9,61.0,62.0,62.6,64.3,66.0,2.3,5.0,9.5,2.0,4.6,9.4,199,1009.1,1011.4,1013.2,999.2,1001.4,1003.2,0.157,1.28,23,America/Los_Angeles,34.03189,-118.47656,86.0,33.33878517150879
2026-09-23,deterministic,ncep_gfs_global,45,69.2,74.6,80.9,72.5,77.0,83.9,6.85,6.85,2026-09-23T06:42,2026-09-23T18:49,43586.81,42300.51,22.11,0.0,0.0,0.0,0.0,0.0,0,0,0,0,0,0,1049.869,70327.536,79199.48,0.0,2.9,20.0,47,64,77,58.0,61.0,63.7,63.8,65.6,67.3,1.0,4.5,7.8,1.1,4.1,8.1,198,1008.3,1009.8,1010.8,998.4,999.8,1000.8,0.179,1.91,13,America/Los_Angeles,34.03189,-118.47656,86.0,33.33878517150879
2026-09-24,deterministic,ncep_gfs_global,45,70.3,74.9,81.5,73.9,78.0,85.0,6.8,6.8,2026-09-24T06:43,2026-09-24T18:47,43460.21,42216.0,21.68,0.0,0.0,0.0,0.0,0.0,0,0,0,0,0,6,1246.719,72736.216,79199.48,0.0,39.6,240.0,49,67,79,60.5,62.8,64.2,65.4,66.8,68.4,0.6,4.5,9.3,0.9,4.2,10.5,201,1009.1,1010.6,1011.7,999.3,1000.7,1001.8,0.172,1.87,16,America/Los_Angeles,34.03189,-118.47656,86.0,33.33878517150879
2026-09-25,deterministic,ncep_gfs_global,3,70.3,75.6,83.5,74.0,78.2,85.5,6.25,6.75,2026-09-25T06:44,2026-09-25T18:46,43333.35,42131.35,20.68,0.0,0.0,0.0,0.0,0.0,0,0,0,0,36,100,3674.541,73324.04,79199.48,0.0,0.0,0.0,41,63,77,57.3,61.3,63.2,65.1,66.2,67.5,0.2,3.9,8.4,1.1,3.8,7.6,195,1009.4,1010.8,1012.1,999.5,1000.9,1002.2,0.17,2.31,12,America/Los_Angeles,34.03189,-118.47656,86.0,33.33878517150879
2026-09-26,deterministic,ncep_gfs_global,3,71.8,76.5,83.6,74.9,77.8,83.6,6.1,6.75,2026-09-26T06:44,2026-09-26T18:44,43206.31,41709.56,20.28,0.0,0.0,0.0,0.0,0.0,0,0,0,9,92,100,79199.48,79199.48,79199.48,0.0,0.0,0.0,34,53,68,52.2,57.0,61.7,63.2,64.3,65.7,0.0,3.5,8.4,0.4,3.4,8.3,200,1010.1,1011.0,1012.1,1000.2,1001.1,1002.3,0.174,2.58,1,America/Los_Angeles,34.03189,-118.47656,86.0,33.33878517150879
2026-09-27,deterministic,ncep_gfs_global,3,70.5,74.6,79.0,72.1,74.9,79.9,6.65,6.65,2026-09-27T06:45,2026-09-27T18:43,43079.16,41962.03,22.06,0.0,0.0,0.0,0.0,0.0,0,0,0,0,17,100,79199.48,79199.48,79199.48,0.0,0.0,0.0,41,51,66,50.0,54.7,58.7,59.6,62.4,63.6,0.4,4.1,8.9,0.7,4.4,10.1,213,1008.9,1010.6,1012.0,999.0,1000.7,1002.1,0.183,1.99,0,America/Los_Angeles,34.03189,-118.47656,86.0,33.33878517150879
2026-09-28,deterministic,ncep_gfs_global,0,69.2,74.0,80.8,68.5,72.1,78.4,6.6,6.6,2026-09-28T06:46,2026-09-28T18:42,42951.99,41877.58,22.23,0.0,0.0,0.0,0.0,0.0,0,2,3,0,0,0,79199.48,79199.48,79199.48,0.0,0.0,0.0,22,40,53,36.9,47.2,52.2,56.4,58.7,60.3,0.5,4.3,11.8,2.0,4.9,11.0,202,1006.7,1008.5,1010.1,996.8,998.6,1000.2,0.189,2.75,0,America/Los_Angeles,34.03189,-118.47656,86.0,33.33878517150879
2026-09-29,deterministic,ncep_gfs_global,0,72.2,78.2,85.8,68.5,75.7,83.5,6.65,6.65,2026-09-29T06:47,2026-09-29T18:40,42824.89,41793.39,22.09,0.0,0.0,0.0,0.0,0.0,0,1,3,0,0,0,79199.48,79199.48,79199.48,0.0,0.0,0.0,16,30,44,34.1,43.3,52.4,54.6,58.9,61.9,1.0,3.7,7.8,1.6,4.0,8.7,229,1003.9,1005.8,1007.1,994.2,996.0,997.2,0.201,3.5,0,America/Los_Angeles,34.03189,-118.47656,86.0,33.33878517150879
2026-09-30,deterministic,ncep_gfs_global,0,75.2,80.7,86.9,73.3,79.1,83.8,6.55,6.55,2026-09-30T06:47,2026-09-30T18:39,42697.91,41709.57,21.12,0.0,0.0,0.0,0.0,0.0,0,0,3,0,0,0,79199.48,79199.48,79199.48,0.0,0.0,0.0,25,34,44,44.2,49.0,54.1,58.7,62.1,65.4,0.5,4.1,10.2,1.3,5.8,14.3,229,1002.9,1004.7,1005.9,993.3,994.9,996.0,0.199,3.1,0,America/Los_Angeles,34.03189,-118.47656,86.0,33.33878517150879
2026-10-01,deterministic,ncep_gfs_global,0,69.8,73.5,78.4,69.9,73.5,78.5,6.5,6.5,2026-10-01T06:48,2026-10-01T18:37,42571.16,41626.21,21.24,0.0,0.0,0.0,0.0,0.0,0,1,3,0,0,0,79199.48,79199.48,79199.48,0.0,0.0,0.0,45,60,72,54.9,58.4,61.2,62.4,63.8,64.9,3.6,7.6,11.7,3.1,8.7,15.0,145,1005.8,1008.5,1010.2,995.9,998.6,1000.3,0.186,1.83,4,America/Los_Angeles,34.03189,-118.47656,86.0,33.33878517150879
2026-10-02,deterministic,ncep_gfs_global,0,67.8,71.7,77.3,69.1,73.2,79.1,6.4,6.4,2026-10-02T06:49,2026-10-02T18:36,42444.71,41543.43,20.89,0.0,0.0,0.0,0.0,0.0,1,4,6,0,0,0,79199.48,79199.48,79199.48,0.0,0.0,0.0,52,65,74,57.6,59.3,61.2,61.8,63.6,65.2,2.1,4.9,9.1,2.0,4.7,7.4,182,1008.1,1009.1,1010.1,998.1,999.1,1000.2,0.161,1.54,10,America/Los_Angeles,34.03189,-118.47656,86.0,33.33878517150879
2026-10-03,deterministic,ncep_gfs_global,3,71.8,80.1,88.0,71.2,78.8,85.3,6.35,6.4,2026-10-03T06:49,2026-10-03T18:35,42318.64,40063.16,20.11,0.0,0.0,0.0,0.0,0.0,0,2,6,0,43,100,79199.48,79199.48,79199.48,0.0,0.0,0.0,18,36,68,37.9,47.9,61.0,57.3,61.6,64.7,0.8,3.4,7.3,0.9,4.1,7.8,240,1008.4,1009.8,1011.4,998.7,1000.0,1001.7,0.191,3.56,0,America/Los_Angeles,34.03189,-118.47656,86.0,33.33878517150879
2026-10-04,deterministic,ncep_gfs_global,3,74.4,80.3,85.4,75.8,79.6,84.9,6.35,6.35,2026-10-04T06:50,2026-10-04T18:33,42193.03,41220.75,20.65,0.0,0.0,0.0,0.0,0.0,0,3,10,0,44,100,79199.48,79199.48,79199.48,0.0,0.0,0.0,26,38,57,46.7,51.4,58.6,61.9,63.1,64.4,0.9,3.9,8.5,1.1,4.9,11.9,208,1007.5,1009.3,1011.0,997.8,999.5,1001.1,0.194,3.08,0,America/Los_Angeles,34.03189,-118.47656,86.0,33.33878517150879
2026-10-05,deterministic,ncep_gfs_global,0,72.7,76.9,82.6,73.8,77.0,82.8,6.3,6.3,2026-10-05T06:51,2026-10-05T18:32,42067.96,40983.8,20.67,0.0,0.0,0.0,0.0,0.0,6,6,10,0,1,6,79199.48,79199.48,79199.48,0.0,0.0,0.0,34,47,58,51.4,54.6,57.7,62.2,63.2,64.4,2.3,4.3,8.8,2.5,4.4,8.7,184,1007.5,1008.7,1009.8,997.7,998.9,1000.0,0.183,2.51,0,America/Los_Angeles,34.03189,-118.47656,86.0,33.33878517150879
2026-09-22,deterministic,ncep_aigfs025,1,64.8,69.5,74.8,,,,,,2026-09-22T06:42,2026-09-22T18:50,43712.85,,,0.0,0.0,0.0,0.0,0.0,,,,0,10,21,,,,,,,,,,,,,,,,0.7,4.2,8.8,,,,240,1009.4,1011.9,1013.1,999.5,1001.8,1003.1,,,,America/Los_Angeles,34.0,-118.5,86.0,608.4537506103516
2026-09-23,deterministic,ncep_aigfs025,0,64.2,72.1,79.7,,,,,,2026-09-23T06:42,2026-09-23T18:49,43586.74,,,0.0,0.0,0.0,0.0,0.0,,,,0,0,0,,,,,,,,,,,,,,,,0.4,3.7,7.1,,,,214,1008.7,1009.9,1010.9,998.8,999.9,1001.0,,,,America/Los_Angeles,34.0,-118.5,86.0,608.4537506103516
2026-09-24,deterministic,ncep_aigfs025,0,66.6,71.7,76.5,,,,,,2026-09-24T06:43,2026-09-24T18:47,43460.3,,,0.0,0.0,0.0,0.0,0.0,,,,0,5,18,,,,,,,,,,,,,,,,1.6,4.6,7.9,,,,211,1010.2,1011.0,1012.2,1000.3,1001.0,1002.3,,,,America/Los_Angeles,34.0,-118.5,86.0,608.4537506103516
2026-09-25,deterministic,ncep_aigfs025,1,66.3,71.8,77.2,,,,,,2026-09-25T06:44,2026-09-25T18:46,43333.58,,,0.0,0.0,0.0,0.0,0.0,,,,3,14,31,,,,,,,,,,,,,,,,0.9,3.5,7.9,,,,239,1011.0,1012.1,1013.4,1001.1,1002.1,1003.5,,,,America/Los_Angeles,34.0,-118.5,86.0,608.4537506103516
2026-09-26,deterministic,ncep_aigfs025,1,65.9,72.1,78.0,,,,,,2026-09-26T06:45,2026-09-26T18:44,43206.69,,,0.0,0.0,0.0,0.0,0.0,,,,0,12,27,,,,,,,,,,,,,,,,1.2,3.7,6.9,,,,207,1011.0,1012.1,1013.0,1001.1,1002.1,1003.1,,,,America/Los_Angeles,34.0,-118.5,86.0,608.4537506103516
2026-09-27,deterministic,ncep_aigfs025,2,65.2,71.6,77.4,,,,,,2026-09-27T06:45,2026-09-27T18:43,43079.7,,,0.0,0.0,0.0,0.0,0.0,,,,0,26,66,,,,,,,,,,,,,,,,1.4,3.9,7.0,,,,211,1010.6,1012.2,1013.6,1000.7,1002.2,1003.6,,,,America/Los_Angeles,34.0,-118.5,86.0,608.4537506103516
2026-09-28,deterministic,ncep_aigfs025,0,61.6,70.3,78.5,,,,,,2026-09-28T06:46,2026-09-28T18:42,42952.69,,,0.0,0.0,0.0,0.0,0.0,,,,0,0,0,,,,,,,,,,,,,,,,0.9,3.6,7.2,,,,197,1006.2,1009.3,1011.3,996.3,999.3,1001.1,,,,America/Los_Angeles,34.0,-118.5,86.0,608.4537506103516
2026-09-29,deterministic,ncep_aigfs025,1,62.6,74.0,84.7,,,,,,2026-09-29T06:47,2026-09-29T18:40,42825.73,,,0.0,0.0,0.0,0.0,0.0,,,,0,0,28,,,,,,,,,,,,,,,,0.3,4.5,10.7,,,,258,1006.1,1007.3,1008.4,996.3,997.4,998.6,,,,America/Los_Angeles,34.0,-118.5,86.0,608.4537506103516
2026-09-30,deterministic,ncep_aigfs025,1,69.6,79.7,89.0,,,,,,2026-09-30T06:47,2026-09-30T18:39,42698.91,,,0.0,0.0,0.0,0.0,0.0,,,,0,17,29,,,,,,,,,,,,,,,,0.3,3.4,9.3,,,,265,1007.4,1008.2,1009.5,997.7,998.3,999.8,,,,America/Los_Angeles,34.0,-118.5,86.0,608.4537506103516
2026-10-01,deterministic,ncep_aigfs025,1,71.9,80.0,87.9,,,,,,2026-10-01T06:48,2026-10-01T18:37,42572.31,,,0.0,0.0,0.0,0.0,0.0,,,,0,11,24,,,,,,,,,,,,,,,,0.0,4.4,11.9,,,,262,1007.4,1008.7,1009.7,997.6,998.9,1000.0,,,,America/Los_Angeles,34.0,-118.5,86.0,608.4537506103516
2026-10-02,deterministic,ncep_aigfs025,0,69.3,78.9,88.0,,,,,,2026-10-02T06:49,2026-10-02T18:36,42446.01,,,0.0,0.0,0.0,0.0,0.0,,,,0,0,0,,,,,,,,,,,,,,,,1.1,4.1,9.4,,,,261,1005.5,1007.6,1008.5,995.8,997.7,998.7,,,,America/Los_Angeles,34.0,-118.5,86.0,608.4537506103516
2026-10-03,deterministic,ncep_aigfs025,1,70.4,79.2,88.1,,,,,,2026-10-03T06:50,2026-10-03T18:35,42320.09,,,0.0,0.0,0.0,0.0,0.0,,,,0,11,29,,,,,,,,,,,,,,,,1.3,4.6,10.6,,,,257,1004.5,1006.3,1007.3,994.8,996.5,997.6,,,,America/Los_Angeles,34.0,-118.5,86.0,608.4537506103516
2026-10-04,deterministic,ncep_aigfs025,0,67.5,75.8,83.2,,,,,,2026-10-04T06:50,2026-10-04T18:33,42194.64,,,0.0,0.0,0.0,0.0,0.0,,,,0,0,0,,,,,,,,,,,,,,,,1.7,3.8,7.9,,,,214,1005.4,1006.3,1008.9,995.6,996.4,998.9,,,,America/Los_Angeles,34.0,-118.5,86.0,608.4537506103516
2026-10-05,deterministic,ncep_aigfs025,0,66.8,74.7,82.3,,,,,,2026-10-05T06:51,2026-10-05T18:32,42069.72,,,0.0,0.0,0.0,0.0,0.0,,,,0,0,0,,,,,,,,,,,,,,,,0.8,4.1,8.4,,,,222,1009.2,1010.2,1012.7,999.2,1000.2,1002.7,,,,America/Los_Angeles,34.0,-118.5,86.0,608.4537506103516
2026-09-22,deterministic,ecmwf_ifs,2,60.6,67.6,74.0,62.3,70.2,76.9,,,2026-09-22T06:42,2026-09-22T18:50,43713.26,42408.42,21.51,0.0,0.0,0.0,0.0,0.0,0,0,0,0,8,65,35236.224,76334.2,110170.6,0.0,25.8,110.0,65,79,94,57.5,60.7,63.1,58.4,62.9,66.0,0.3,3.6,8.0,2.0,10.0,20.6,204,1009.1,1011.8,1013.6,999.1,1001.7,1003.5,0.144,0.99,48,America/Los_Angeles,34.059753,-118.57501,86.0,116.75655841827393
2026-09-23,deterministic,ecmwf_ifs,1,61.4,71.0,80.7,62.8,74.4,86.0,,,2026-09-23T06:43,2026-09-23T18:49,43586.87,42324.07,22.14,0.0,0.0,0.0,0.0,0.0,0,0,0,0,6,22,2165.354,56651.904,119947.504,0.0,445.8,1460.0,53,76,98,56.8,62.2,66.7,58.3,65.1,70.7,0.1,3.6,6.9,4.3,10.7,18.1,155,1008.1,1010.1,1011.8,998.3,1000.1,1001.7,0.164,1.64,45,America/Los_Angeles,34.059753,-118.57501,86.0,116.75655841827393
2026-09-24,deterministic,ecmwf_ifs,3,64.0,70.5,80.1,67.2,75.0,85.4,,,2026-09-24T06:43,2026-09-24T18:48,43460.14,42239.49,21.43,0.0,0.0,0.0,0.0,0.0,0,0,0,0,26,100,393.701,50844.816,120538.064,50.0,457.5,1270.0,57,82,100,60.8,64.4,67.7,61.9,66.3,70.4,0.0,2.9,6.6,1.8,8.9,17.7,192,1010.1,1011.5,1012.6,1000.2,1001.5,1002.6,0.154,1.52,57,America/Los_Angeles,34.059753,-118.57501,86.0,116.75655841827393
2026-09-25,deterministic,ecmwf_ifs,3,64.0,72.5,82.8,66.7,76.6,90.1,,,2026-09-25T06:44,2026-09-25T18:46,43333.14,42154.76,21.37,0.0,0.0,0.0,0.0,0.0,0,0,0,2,38,94,524.934,39148.62,121128.608,0.0,240.4,1440.0,56,74,97,59.4,63.3,67.6,61.4,66.2,72.4,0.1,2.9,6.9,1.6,9.9,18.1,197,1010.1,1011.8,1013.6,1000.2,1001.8,1003.6,0.162,1.65,37,America/Los_Angeles,34.059753,-118.57501,86.0,116.75655841827393
2026-09-26,deterministic,ecmwf_ifs,3,65.5,73.6,84.7,68.6,77.3,89.5,,,2026-09-26T06:45,2026-09-26T18:45,43205.97,37179.67,19.3,0.0,0.0,0.0,0.0,0.0,0,0,0,27,80,100,5380.578,49267.28,112139.112,0.0,141.3,360.0,47,72,99,59.5,62.9,67.5,62.2,66.4,70.5,0.8,3.0,5.4,4.5,10.6,16.3,169,1009.3,1010.5,1011.9,999.4,1000.6,1001.8,0.157,2.16,38,America/Los_Angeles,34.059753,-118.57501,86.0,116.75655841827393
2026-09-27,deterministic,ecmwf_ifs,3,64.3,71.3,80.5,67.6,74.4,84.6,,,2026-09-27T06:46,2026-09-27T18:43,43078.69,41985.32,20.31,0.0,0.0,0.0,0.0,0.0,0,2,4,0,48,100,36417.324,85468.616,122244.096,0.0,2.9,50.0,52,73,98,59.5,61.5,65.1,61.8,64.8,67.9,0.6,2.9,6.3,3.1,10.2,17.9,177,1010.3,1011.7,1013.2,1000.3,1001.7,1003.3,0.153,1.71,41,America/Los_Angeles,34.059753,-118.57501,86.0,116.75655841827393
2026-09-28,deterministic,ecmwf_ifs,0,59.5,68.0,76.0,60.2,69.5,78.7,,,2026-09-28T06:46,2026-09-28T18:42,42951.39,41900.8,21.6,0.0,0.0,0.0,0.0,0.0,0,2,4,0,1,2,76115.488,113147.968,136745.408,0.0,0.0,0.0,49,70,96,54.0,56.9,61.0,56.3,60.9,63.7,0.7,3.0,6.1,9.6,13.8,18.1,183,1008.2,1010.4,1012.2,998.2,1000.4,1002.2,0.155,1.55,36,America/Los_Angeles,34.059753,-118.57501,86.0,116.75655841827393
2026-09-29,deterministic,ecmwf_ifs,1,60.0,72.6,84.9,57.4,73.3,87.9,,,2026-09-29T06:47,2026-09-29T18:40,42824.14,41816.54,21.58,0.0,0.0,0.0,0.0,0.0,0,1,4,0,6,44,89829.4,119121.832,152034.128,0.0,0.0,0.0,42,54,87,40.0,54.0,62.2,49.8,61.2,68.8,0.8,3.0,5.1,8.9,13.5,18.8,187,1004.7,1007.2,1008.8,995.0,997.2,998.8,0.174,2.37,13,America/Los_Angeles,34.059753,-118.57501,86.0,116.75655841827393
2026-09-30,deterministic,ecmwf_ifs,1,62.1,69.4,78.0,63.5,71.9,82.1,,,2026-09-30T06:48,2026-09-30T18:39,42697.04,41732.66,20.93,0.0,0.0,0.0,0.0,0.0,0,1,2,8,26,49,29527.558,99603.56,123818.896,0.0,0.0,0.0,54,74,97,57.2,60.2,62.6,59.1,63.3,66.4,0.8,3.4,6.4,6.9,13.0,18.3,182,1006.6,1007.8,1009.0,996.7,997.8,999.1,0.152,1.51,41,America/Los_Angeles,34.059753,-118.57501,86.0,116.75655841827393
2026-10-01,deterministic,ecmwf_ifs,1,60.1,67.3,74.1,61.4,68.9,77.3,,,2026-10-01T06:48,2026-10-01T18:38,42570.15,41649.24,20.97,0.0,0.0,0.0,0.0,0.0,0,2,2,0,7,23,14698.163,48009.624,93766.408,0.0,0.0,0.0,57,74,98,55.9,58.1,61.3,57.5,61.3,64.2,0.6,3.7,7.9,4.0,13.9,20.1,200,1007.7,1008.5,1009.5,997.7,998.5,999.5,0.148,1.22,39,America/Los_Angeles,34.059753,-118.57501,86.0,116.75655841827393
2026-10-02,deterministic,ecmwf_ifs,0,58.8,68.3,76.1,59.5,69.0,77.3,,,2026-10-02T06:49,2026-10-02T18:36,42443.56,41403.63,20.8,0.0,0.0,0.0,0.0,0.0,0,1,2,0,1,2,93766.408,116193.672,139238.848,0.0,0.0,0.0,47,68,92,54.2,56.2,58.6,56.9,60.6,63.4,0.3,4.1,7.1,13.9,17.5,23.3,188,1007.4,1009.1,1011.2,997.5,999.1,1001.2,0.155,1.61,33,America/Los_Angeles,34.059753,-118.57501,86.0,116.75655841827393
2026-10-03,deterministic,ecmwf_ifs,0,61.6,76.4,86.5,58.2,75.0,88.9,,,2026-10-03T06:50,2026-10-03T18:35,42317.36,41446.65,20.82,0.0,0.0,0.0,0.0,0.0,0,0,0,0,0,0,109120.736,135575.232,155118.112,0.0,5.8,20.0,12,40,69,24.2,48.5,61.7,50.3,60.3,70.2,0.9,4.4,10.1,10.1,14.5,21.7,250,1006.3,1007.7,1009.2,996.6,997.8,999.4,0.203,3.38,3,America/Los_Angeles,34.059753,-118.57501,86.0,116.75655841827393
2026-10-04,deterministic,ecmwf_ifs,0,71.6,83.9,95.1,64.3,78.2,92.2,,,2026-10-04T06:51,2026-10-04T18:34,42191.62,41210.34,20.99,0.0,0.0,0.0,0.0,0.0,0,1,2,0,0,0,155118.112,155413.392,155774.288,0.0,0.0,0.0,7,14,21,19.2,27.7,45.0,48.5,55.7,64.1,0.6,4.7,10.2,13.0,20.1,23.7,300,1007.8,1009.1,1010.6,998.2,999.3,1001.0,0.235,5.15,0,America/Los_Angeles,34.059753,-118.57501,86.0,116.75655841827393
2026-10-05,deterministic,ecmwf_ifs,0,69.7,83.0,96.2,63.0,78.0,94.4,,,2026-10-05T06:51,2026-10-05T18:32,42066.42,40973.3,20.71,0.0,0.0,0.0,0.0,0.0,0,1,2,0,0,0,155774.288,156151.584,156496.064,0.0,0.0,0.0,11,16,21,24.2,31.7,38.0,49.3,56.3,62.3,0.2,3.9,6.8,9.8,14.3,19.0,311,1008.6,1009.9,1011.3,998.9,1000.1,1001.7,0.215,5.17,0,America/Los_Angeles,34.059753,-118.57501,86.0,116.75655841827393
2026-09-22,deterministic,ecmwf_aifs025_single,1,63.8,70.7,77.7,66.5,73.0,79.8,,,2026-09-22T06:41,2026-09-22T18:49,43712.85,35328.49,20.71,0.0,0.0,0.0,0.0,0.0,,,,0,16,44,,,,,,,55,70,84,58.9,59.9,61.6,60.4,63.6,66.5,0.2,3.4,8.1,,,,241,1009.6,1012.4,1013.8,999.7,1002.4,1003.8,0.148,1.46,,America/Los_Angeles,34.0,-118.25,86.0,40.03334045410156
2026-09-23,deterministic,ecmwf_aifs025_single,1,62.8,72.8,83.3,65.3,75.3,86.0,,,2026-09-23T06:41,2026-09-23T18:48,43586.74,42169.52,21.73,0.0,0.0,0.0,0.0,0.0,,,,1,12,33,,,,,,,47,68,89,59.5,60.7,63.7,60.4,64.8,69.1,1.4,3.6,7.1,,,,209,1008.7,1010.3,1011.7,998.9,1000.3,1001.6,0.169,2.06,,America/Los_Angeles,34.0,-118.25,86.0,40.03334045410156
2026-09-24,deterministic,ecmwf_aifs025_single,2,64.1,72.9,81.9,67.4,76.2,85.5,,,2026-09-24T06:42,2026-09-24T18:46,43460.3,39249.03,21.02,0.0,0.0,0.0,0.0,0.0,,,,2,20,52,,,,,,,53,73,92,61.7,62.8,65.0,62.4,66.1,69.6,1.6,3.8,6.6,,,,200,1010.6,1011.9,1013.4,1000.8,1001.9,1003.5,0.158,1.75,,America/Los_Angeles,34.0,-118.25,86.0,40.03334045410156
2026-09-25,deterministic,ecmwf_aifs025_single,2,64.0,73.9,84.4,68.1,77.4,87.2,,,2026-09-25T06:43,2026-09-25T18:45,43333.58,41205.41,21.0,0.0,0.0,0.0,0.0,0.0,,,,13,42,65,,,,,,,46,71,95,61.3,62.8,63.9,62.7,66.6,69.5,0.4,3.2,7.2,,,,233,1009.9,1012.1,1013.4,1000.1,1002.1,1003.5,0.165,2.17,,America/Los_Angeles,34.0,-118.25,86.0,40.03334045410156
2026-09-26,deterministic,ecmwf_aifs025_single,3,64.2,73.5,82.1,67.6,76.9,86.1,,,2026-09-26T06:44,2026-09-26T18:43,43206.69,38052.76,19.76,0.0,0.0,0.0,0.0,0.0,,,,68,80,89,,,,,,,52,71,91,61.5,62.8,65.2,62.3,66.3,69.4,1.0,3.2,5.7,,,,190,1010.3,1011.3,1012.3,1000.5,1001.3,1002.4,0.15,1.8,,America/Los_Angeles,34.0,-118.25,86.0,40.03334045410156
2026-09-27,deterministic,ecmwf_aifs025_single,51,66.0,72.6,79.4,70.6,75.8,80.6,,,2026-09-27T06:44,2026-09-27T18:42,43079.7,23193.02,13.46,0.028,0.016,0.012,0.0,18.0,,,,77,87,95,,,,,,,50,72,93,58.9,62.2,64.7,64.5,65.7,66.5,0.9,2.7,4.4,,,,177,1012.3,1013.0,1014.5,1002.2,1002.9,1004.5,0.109,1.71,,America/Los_Angeles,34.0,-118.25,86.0,40.03334045410156
2026-09-28,deterministic,ecmwf_aifs025_single,53,69.0,71.3,72.7,73.4,75.8,77.4,,,2026-09-28T06:45,2026-09-28T18:41,42952.69,2040.4,7.6,0.295,0.181,0.114,0.0,24.0,,,,85,92,95,,,,,,,76,78,88,63.1,63.9,65.5,65.0,66.2,67.2,0.2,1.2,1.9,,,,266,1011.4,1013.2,1014.2,1001.4,1003.1,1004.2,0.056,0.66,,America/Los_Angeles,34.0,-118.25,86.0,40.03334045410156
2026-09-29,deterministic,ecmwf_aifs025_single,51,66.4,74.2,82.4,70.6,78.6,87.3,,,2026-09-29T06:46,2026-09-29T18:39,42825.73,37057.91,18.94,0.063,0.039,0.024,0.0,12.0,,,,5,38,80,,,,,,,56,74,92,63.7,64.8,66.0,64.4,67.8,70.8,0.5,3.0,5.9,,,,251,1007.8,1010.0,1011.3,998.0,1000.0,1001.2,0.148,1.66,,America/Los_Angeles,34.0,-118.25,86.0,40.03334045410156
2026-09-30,deterministic,ecmwf_aifs025_single,51,68.3,78.1,87.7,72.3,82.5,92.8,,,2026-09-30T06:46,2026-09-30T18:38,42698.91,37705.84,18.94,0.008,0.004,0.004,0.0,6.0,,,,5,13,39,,,,,,,46,66,85,63.5,64.7,67.1,64.9,69.1,72.6,0.8,2.5,5.1,,,,241,1008.0,1009.1,1010.4,998.3,999.2,1000.6,0.153,2.42,,America/Los_Angeles,34.0,-118.25,86.0,40.03334045410156
2026-10-01,deterministic,ecmwf_aifs025_single,53,71.4,75.8,80.4,77.4,81.6,85.3,,,2026-10-01T06:47,2026-10-01T18:36,42572.31,22231.45,15.25,0.307,0.075,0.232,0.0,24.0,,,,4,49,78,,,,,,,66,76,86,66.8,67.6,68.6,68.2,70.0,71.8,0.5,2.4,5.8,,,,246,1010.3,1011.2,1013.0,1000.3,1001.3,1003.1,0.113,1.2,,America/Los_Angeles,34.0,-118.25,86.0,40.03334045410156
2026-10-02,deterministic,ecmwf_aifs025_single,0,67.5,75.9,83.7,72.3,80.7,89.1,,,2026-10-02T06:48,2026-10-02T18:35,42446.01,39516.32,19.83,0.0,0.0,0.0,0.0,0.0,,,,0,6,15,,,,,,,53,73,92,63.2,65.7,67.0,65.5,68.9,71.2,0.5,2.9,6.7,,,,257,1010.0,1012.0,1013.3,1000.2,1002.0,1003.4,0.155,1.85,,America/Los_Angeles,34.0,-118.25,86.0,40.03334045410156
2026-10-03,deterministic,ecmwf_aifs025_single,0,65.1,75.7,85.5,67.5,79.0,90.0,,,2026-10-03T06:49,2026-10-03T18:34,42320.09,39252.95,20.02,0.0,0.0,0.0,0.0,0.0,,,,1,5,15,,,,,,,46,65,84,60.1,62.1,64.8,61.6,66.7,70.6,0.8,3.0,5.5,,,,175,1010.5,1011.4,1012.9,1000.7,1001.4,1003.1,0.16,2.26,,America/Los_Angeles,34.0,-118.25,86.0,40.03334045410156
2026-10-04,deterministic,ecmwf_aifs025_single,0,67.0,78.2,89.0,70.4,81.9,93.3,,,2026-10-04T06:49,2026-10-04T18:32,42194.64,40780.43,19.98,0.0,0.0,0.0,0.0,0.0,,,,1,5,13,,,,,,,42,62,83,61.6,63.0,64.8,63.2,68.1,71.9,0.4,2.9,7.4,,,,242,1011.8,1013.0,1014.4,1002.1,1003.0,1004.6,0.167,2.7,,America/Los_Angeles,34.0,-118.25,86.0,40.03334045410156
2026-10-05,deterministic,ecmwf_aifs025_single,0,67.4,79.3,90.4,69.8,81.7,92.4,,,2026-10-05T06:50,2026-10-05T18:31,42069.72,40252.96,19.96,0.0,0.0,0.0,0.0,0.0,,,,6,11,16,,,,,,,33,54,76,57.0,59.7,62.6,61.9,66.7,70.0,0.0,2.7,6.9,,,,261,1011.3,1013.4,1014.7,1001.6,1003.5,1004.9,0.171,3.26,,America/Los_Angeles,34.0,-118.25,86.0,40.03334045410156
2026-09-22,deterministic,icon_seamless,1.0,64.2,69.7,74.6,66.9,72.6,77.6,,,2026-09-22T06:42,2026-09-22T18:50,43712.85,40423.98,20.16,0.0,0.0,0.0,0.0,0.0,0.0,0.0,0.0,0.0,6.0,30.0,,,,0.0,0.0,0.0,62.0,78.0,94.0,59.1,62.1,64.1,62.2,64.5,66.1,0.0,4.0,9.4,1.6,9.3,20.1,235.0,1009.7,1011.9,1013.7,999.7,1001.9,1003.6,0.14,1.11,43.0,America/Los_Angeles,34.0,-118.5,86.0,171.03374004364014
2026-09-23,deterministic,icon_seamless,1.0,66.0,71.8,77.9,70.0,76.4,83.0,,,2026-09-23T06:42,2026-09-23T18:49,43586.74,40743.83,20.79,0.0,0.0,0.0,0.0,0.0,0.0,0.0,0.0,0.0,8.0,40.0,,,,0.0,53.3,320.0,65.0,81.0,94.0,63.7,65.4,68.1,64.5,67.3,69.3,0.3,3.6,8.2,1.8,8.6,18.1,229.0,1009.0,1010.6,1011.8,999.1,1000.6,1001.8,0.147,1.14,50.0,America/Los_Angeles,34.0,-118.5,86.0,171.03374004364014
2026-09-24,deterministic,icon_seamless,1.0,68.9,72.6,78.0,74.6,78.3,83.9,,,2026-09-24T06:43,2026-09-24T18:47,43460.3,40509.04,20.29,0.0,0.0,0.0,0.0,0.0,0.0,0.0,0.0,0.0,2.0,20.0,,,,0.0,111.3,350.0,70.0,84.0,95.0,66.5,67.4,68.0,67.3,68.9,70.9,0.3,3.3,8.1,1.1,8.1,17.9,225.0,1010.4,1011.8,1013.1,1000.5,1001.8,1003.2,0.142,0.97,56.0,America/Los_Angeles,34.0,-118.5,86.0,171.03374004364014
2026-09-25,deterministic,icon_seamless,45.0,68.6,72.5,77.9,74.0,78.3,83.5,,,2026-09-25T06:44,2026-09-25T18:46,43333.58,39254.46,19.57,0.0,0.0,0.0,0.0,0.0,0.0,0.0,0.0,0.0,14.0,48.0,,,,0.0,29.2,140.0,68.0,85.0,96.0,65.9,67.5,69.6,67.0,69.0,70.4,0.5,3.0,7.0,0.7,7.4,17.0,224.0,1009.8,1011.4,1012.9,999.8,1001.4,1003.0,0.138,1.04,60.0,America/Los_Angeles,34.0,-118.5,86.0,171.03374004364014
2026-09-26,deterministic,icon_seamless,45.0,68.3,73.3,80.6,73.2,78.5,85.0,,,2026-09-26T06:45,2026-09-26T18:44,43206.69,40594.83,18.29,0.0,0.0,0.0,0.0,0.0,0.0,0.0,0.0,0.0,61.0,100.0,,,,0.0,4.2,70.0,57.0,80.0,98.0,63.8,66.4,69.4,66.3,68.5,70.3,0.3,2.9,7.0,1.1,7.6,17.0,238.0,1009.5,1010.6,1011.4,999.6,1000.7,1001.5,0.138,1.53,49.0,America/Los_Angeles,34.0,-118.5,86.0,171.03374004364014
2026-09-27,deterministic,icon_seamless,3.0,66.2,72.2,79.4,69.1,76.3,85.0,,,2026-09-27T06:45,2026-09-27T18:43,43079.7,39270.85,19.7,0.0,0.0,0.0,0.0,0.0,0.0,2.0,4.0,0.0,43.0,100.0,,,,0.0,0.0,0.0,58.0,77.0,93.0,61.6,64.2,66.7,63.3,66.7,69.7,0.2,3.4,7.6,2.5,8.1,17.0,248.0,1009.1,1010.4,1011.3,999.2,1000.4,1001.4,0.147,1.44,44.0,America/Los_Angeles,34.0,-118.5,86.0,171.03374004364014
2026-09-28,deterministic,icon_seamless,2.0,66.1,70.8,78.2,67.0,73.0,80.1,,,2026-09-28T06:46,2026-09-28T18:42,42952.69,41792.44,20.76,0.0,0.0,0.0,0.0,0.0,3.0,4.0,5.0,0.0,11.0,48.0,,,,0.0,0.0,0.0,49.0,70.0,90.0,56.8,60.2,65.1,60.5,63.8,66.4,0.9,4.1,8.4,2.0,9.9,18.8,249.0,1003.7,1006.5,1009.9,993.8,996.5,999.9,0.154,1.65,30.0,America/Los_Angeles,34.0,-118.5,86.0,171.03374004364014
2026-09-29,deterministic,icon_seamless,,,,,,,,,,2026-09-29T06:47,2026-09-29T18:40,42825.73,,,,,,,0.0,,,,,,,,,,,,,,,,,,,,,,,,,,,,,,,,,,,,,,America/Los_Angeles,34.0,-118.5,86.0,171.03374004364014
2026-09-30,deterministic,icon_seamless,,,,,,,,,,2026-09-30T06:47,2026-09-30T18:39,42698.91,,,,,,,0.0,,,,,,,,,,,,,,,,,,,,,,,,,,,,,,,,,,,,,,America/Los_Angeles,34.0,-118.5,86.0,171.03374004364014
2026-10-01,deterministic,icon_seamless,,,,,,,,,,2026-10-01T06:48,2026-10-01T18:37,42572.31,,,,,,,0.0,,,,,,,,,,,,,,,,,,,,,,,,,,,,,,,,,,,,,,America/Los_Angeles,34.0,-118.5,86.0,171.03374004364014
2026-10-02,deterministic,icon_seamless,,,,,,,,,,2026-10-02T06:49,2026-10-02T18:36,42446.01,,,,,,,0.0,,,,,,,,,,,,,,,,,,,,,,,,,,,,,,,,,,,,,,America/Los_Angeles,34.0,-118.5,86.0,171.03374004364014
2026-10-03,deterministic,icon_seamless,,,,,,,,,,2026-10-03T06:50,2026-10-03T18:35,42320.09,,,,,,,0.0,,,,,,,,,,,,,,,,,,,,,,,,,,,,,,,,,,,,,,America/Los_Angeles,34.0,-118.5,86.0,171.03374004364014
2026-10-04,deterministic,icon_seamless,,,,,,,,,,2026-10-04T06:50,2026-10-04T18:33,42194.64,,,,,,,0.0,,,,,,,,,,,,,,,,,,,,,,,,,,,,,,,,,,,,,,America/Los_Angeles,34.0,-118.5,86.0,171.03374004364014
2026-10-05,deterministic,icon_seamless,,,,,,,,,,2026-10-05T06:51,2026-10-05T18:32,42069.72,,,,,,,0.0,,,,,,,,,,,,,,,,,,,,,,,,,,,,,,,,,,,,,,America/Los_Angeles,34.0,-118.5,86.0,171.03374004364014
2026-09-22,deterministic,cmc_gem_seamless,3.0,59.5,68.2,78.5,60.6,70.9,82.5,,,2026-09-22T06:42,2026-09-22T18:50,43713.3,39600.0,21.8,0.0,0.0,0.0,0.0,0.0,0,0,0,0.0,4.0,95.0,,,,,,,55.0,79.0,96.0,58.3,60.9,63.9,58.6,63.3,67.5,0.4,3.8,7.6,0.4,4.8,12.1,253.0,1009.0,1011.6,1013.5,999.1,1001.5,1003.4,0.153,1.5,,America/Los_Angeles,34.066547,-118.52405,86.0,135.07163524627686
2026-09-23,deterministic,cmc_gem_seamless,0.0,60.3,72.6,85.8,59.9,74.8,90.6,,,2026-09-23T06:43,2026-09-23T18:49,43586.88,42311.82,21.86,0.0,0.0,0.0,0.0,0.0,0,0,0,0.0,0.0,0.0,,,,0.0,,1310.0,44.0,65.0,97.0,50.3,59.0,65.1,55.1,63.8,71.9,0.7,3.5,4.5,1.3,4.0,7.4,329.0,1008.1,1009.9,1011.2,998.4,999.9,1001.1,0.175,2.21,,America/Los_Angeles,34.066547,-118.52405,86.0,135.07163524627686
2026-09-24,deterministic,cmc_gem_seamless,2.0,64.0,73.9,85.6,64.3,77.5,91.3,,,2026-09-24T06:43,2026-09-24T18:47,43460.12,39600.0,21.58,0.0,0.0,0.0,0.0,0.0,0,0,0,0.0,7.0,77.0,,,,0.0,,1280.0,44.0,71.0,99.0,52.8,62.5,68.8,58.2,66.4,72.2,0.2,3.5,4.9,1.8,4.3,6.7,301.0,1009.4,1010.8,1011.9,999.6,1000.8,1002.1,0.175,2.26,,America/Los_Angeles,34.066547,-118.52405,86.0,135.07163524627686
2026-09-25,deterministic,cmc_gem_seamless,2.0,64.1,75.1,87.9,63.5,77.8,95.5,,,2026-09-25T06:44,2026-09-25T18:46,43333.09,33136.83,28.03,0.0,0.0,0.0,0.0,0.0,0,0,0,0.0,11.0,41.0,,,,0.0,,752.5,37.0,60.0,88.0,51.3,59.2,64.4,56.7,64.8,71.7,0.7,3.8,5.6,2.7,4.7,7.9,294.0,1009.5,1010.7,1011.7,999.6,1000.8,1001.8,0.23,2.84,,America/Los_Angeles,34.066547,-118.52405,86.0,135.07163524627686
2026-09-26,deterministic,cmc_gem_seamless,2.0,63.6,73.5,85.7,61.1,79.2,104.2,,,2026-09-26T06:45,2026-09-26T18:45,43205.89,3600.0,59.27,0.0,0.0,0.0,0.0,0.0,0,0,0,0.0,22.0,56.0,,,,10.0,,770.0,47.0,58.0,95.0,46.3,57.2,66.2,53.7,63.2,71.2,0.4,4.0,7.2,3.4,5.3,9.4,279.0,1009.5,1011.2,1012.3,999.7,1001.2,1002.4,0.461,2.18,,America/Los_Angeles,34.066547,-118.52405,86.0,135.07163524627686
2026-09-27,deterministic,cmc_gem_seamless,3.0,64.9,71.3,79.9,67.0,78.6,99.5,,,2026-09-27T06:45,2026-09-27T18:43,43078.57,4220.3,51.6,0.0,0.0,0.0,0.0,0.0,0,0,0,20.0,52.0,88.0,,,,0.0,,330.0,56.0,77.0,98.0,55.5,63.3,67.1,59.4,65.9,69.4,1.3,3.6,6.3,2.2,4.7,8.3,186.0,1009.6,1011.2,1012.3,999.7,1001.2,1002.4,0.371,1.49,,America/Los_Angeles,34.066547,-118.52405,86.0,135.07163524627686
2026-09-28,deterministic,cmc_gem_seamless,2.0,62.0,69.2,77.3,62.5,76.0,94.5,,,2026-09-28T06:46,2026-09-28T18:42,42951.24,7677.2,58.04,0.0,0.0,0.0,0.0,0.0,0,3,6,0.0,23.0,64.0,,,,,,,52.0,76.0,97.0,56.1,60.4,64.5,58.0,63.4,65.3,0.9,3.7,8.7,1.8,5.0,10.5,211.0,1007.7,1009.3,1010.3,997.8,999.3,1000.2,0.407,1.54,,America/Los_Angeles,34.066547,-118.52405,86.0,135.07163524627686
2026-09-29,deterministic,cmc_gem_seamless,0.0,58.1,69.6,83.9,54.4,74.3,104.5,,,2026-09-29T06:47,2026-09-29T18:40,42823.96,2198.7,64.8,0.0,0.0,0.0,0.0,0.0,0,2,5,0.0,0.0,0.0,,,,,,,40.0,56.0,81.0,41.1,52.6,60.7,49.0,59.2,68.5,1.3,4.1,6.9,2.5,5.2,9.2,312.0,1005.5,1008.0,1009.7,995.7,998.0,999.5,0.489,2.25,,America/Los_Angeles,34.066547,-118.52405,86.0,135.07163524627686
2026-09-30,deterministic,cmc_gem_seamless,0.0,62.2,74.4,88.6,58.0,78.5,110.5,,,2026-09-30T06:48,2026-09-30T18:39,42696.83,7200.0,63.75,0.0,0.0,0.0,0.0,0.0,0,6,15,0.0,0.0,0.0,,,,,,,35.0,44.0,68.0,40.1,50.4,58.0,50.4,60.1,69.3,1.1,4.4,6.9,2.7,5.2,9.4,308.0,1003.8,1006.0,1007.7,994.0,996.1,997.8,0.53,2.99,,America/Los_Angeles,34.066547,-118.52405,86.0,135.07163524627686
2026-10-01,deterministic,cmc_gem_seamless,,,,,,,,,,2026-10-01T06:48,2026-10-01T18:38,42569.91,,,,,,,0.0,0,0,0,,,,,,,,,,,,,,,,,,,,,,,,,,,,,,,,,,,America/Los_Angeles,34.066547,-118.52405,86.0,135.07163524627686
2026-10-02,deterministic,cmc_gem_seamless,,,,,,,,,,2026-10-02T06:49,2026-10-02T18:36,42443.29,,,,,,,0.0,0,1,5,,,,,,,,,,,,,,,,,,,,,,,,,,,,,,,,,,,America/Los_Angeles,34.066547,-118.52405,86.0,135.07163524627686
2026-10-03,deterministic,cmc_gem_seamless,,,,,,,,,,2026-10-03T06:50,2026-10-03T18:35,42317.05,,,,,,,0.0,0,3,5,,,,,,,,,,,,,,,,,,,,,,,,,,,,,,,,,,,America/Los_Angeles,34.066547,-118.52405,86.0,135.07163524627686
2026-10-04,deterministic,cmc_gem_seamless,,,,,,,,,,2026-10-04T06:50,2026-10-04T18:33,42191.28,,,,,,,0.0,0,3,5,,,,,,,,,,,,,,,,,,,,,,,,,,,,,,,,,,,America/Los_Angeles,34.066547,-118.52405,86.0,135.07163524627686
2026-10-05,deterministic,cmc_gem_seamless,,,,,,,,,,2026-10-05T06:51,2026-10-05T18:32,42066.05,,,,,,,0.0,0,1,5,,,,,,,,,,,,,,,,,,,,,,,,,,,,,,,,,,,America/Los_Angeles,34.066547,-118.52405,86.0,135.07163524627686
2026-09-22,deterministic,gem_regional,3.0,59.5,68.2,78.5,60.6,70.9,82.5,,,2026-09-22T06:42,2026-09-22T18:50,43713.3,39600.0,21.8,0.0,0.0,0.0,0.0,0.0,,,,0.0,4.0,95.0,,,,,,,55.0,79.0,96.0,58.3,60.9,63.9,58.6,63.3,67.5,0.4,3.8,7.6,0.4,4.8,12.1,253.0,1009.0,1011.6,1013.5,999.1,1001.5,1003.4,0.153,1.5,,America/Los_Angeles,34.066547,-118.52405,86.0,2.4935007095336914
2026-09-23,deterministic,gem_regional,0.0,60.3,72.6,85.8,59.9,74.8,90.6,,,2026-09-23T06:43,2026-09-23T18:49,43586.88,42311.82,21.86,0.0,0.0,0.0,0.0,0.0,,,,0.0,0.0,0.0,,,,,,,44.0,65.0,97.0,50.3,59.0,65.1,55.1,63.8,71.9,0.7,3.5,4.5,1.3,4.0,7.4,329.0,1008.1,1009.9,1011.2,998.4,999.9,1001.1,0.175,2.21,,America/Los_Angeles,34.066547,-118.52405,86.0,2.4935007095336914
2026-09-24,deterministic,gem_regional,2.0,64.0,73.9,85.6,64.3,77.5,91.3,,,2026-09-24T06:43,2026-09-24T18:47,43460.12,39600.0,21.58,0.0,0.0,0.0,0.0,0.0,,,,0.0,7.0,77.0,,,,,,,44.0,71.0,99.0,52.8,62.5,68.8,58.2,66.4,72.2,0.2,3.5,4.9,1.8,4.3,6.7,301.0,1009.4,1010.8,1011.9,999.6,1000.8,1002.1,0.175,2.26,,America/Los_Angeles,34.066547,-118.52405,86.0,2.4935007095336914
2026-09-25,deterministic,gem_regional,,,,,,,,,,2026-09-25T06:44,2026-09-25T18:46,43333.09,,,,,,,0.0,,,,,,,,,,,,,,,,,,,,,,,,,,,,,,,,,,,,,,America/Los_Angeles,34.066547,-118.52405,86.0,2.4935007095336914
2026-09-26,deterministic,gem_regional,,,,,,,,,,2026-09-26T06:45,2026-09-26T18:45,43205.89,,,,,,,0.0,,,,,,,,,,,,,,,,,,,,,,,,,,,,,,,,,,,,,,America/Los_Angeles,34.066547,-118.52405,86.0,2.4935007095336914
2026-09-27,deterministic,gem_regional,,,,,,,,,,2026-09-27T06:45,2026-09-27T18:43,43078.57,,,,,,,0.0,,,,,,,,,,,,,,,,,,,,,,,,,,,,,,,,,,,,,,America/Los_Angeles,34.066547,-118.52405,86.0,2.4935007095336914
2026-09-28,deterministic,gem_regional,,,,,,,,,,2026-09-28T06:46,2026-09-28T18:42,42951.24,,,,,,,0.0,,,,,,,,,,,,,,,,,,,,,,,,,,,,,,,,,,,,,,America/Los_Angeles,34.066547,-118.52405,86.0,2.4935007095336914
2026-09-29,deterministic,gem_regional,,,,,,,,,,2026-09-29T06:47,2026-09-29T18:40,42823.96,,,,,,,0.0,,,,,,,,,,,,,,,,,,,,,,,,,,,,,,,,,,,,,,America/Los_Angeles,34.066547,-118.52405,86.0,2.4935007095336914
2026-09-30,deterministic,gem_regional,,,,,,,,,,2026-09-30T06:48,2026-09-30T18:39,42696.83,,,,,,,0.0,,,,,,,,,,,,,,,,,,,,,,,,,,,,,,,,,,,,,,America/Los_Angeles,34.066547,-118.52405,86.0,2.4935007095336914
2026-10-01,deterministic,gem_regional,,,,,,,,,,2026-10-01T06:48,2026-10-01T18:38,42569.91,,,,,,,0.0,,,,,,,,,,,,,,,,,,,,,,,,,,,,,,,,,,,,,,America/Los_Angeles,34.066547,-118.52405,86.0,2.4935007095336914
2026-10-02,deterministic,gem_regional,,,,,,,,,,2026-10-02T06:49,2026-10-02T18:36,42443.29,,,,,,,0.0,,,,,,,,,,,,,,,,,,,,,,,,,,,,,,,,,,,,,,America/Los_Angeles,34.066547,-118.52405,86.0,2.4935007095336914
2026-10-03,deterministic,gem_regional,,,,,,,,,,2026-10-03T06:50,2026-10-03T18:35,42317.05,,,,,,,0.0,,,,,,,,,,,,,,,,,,,,,,,,,,,,,,,,,,,,,,America/Los_Angeles,34.066547,-118.52405,86.0,2.4935007095336914
2026-10-04,deterministic,gem_regional,,,,,,,,,,2026-10-04T06:50,2026-10-04T18:33,42191.28,,,,,,,0.0,,,,,,,,,,,,,,,,,,,,,,,,,,,,,,,,,,,,,,America/Los_Angeles,34.066547,-118.52405,86.0,2.4935007095336914
2026-10-05,deterministic,gem_regional,,,,,,,,,,2026-10-05T06:51,2026-10-05T18:32,42066.05,,,,,,,0.0,,,,,,,,,,,,,,,,,,,,,,,,,,,,,,,,,,,,,,America/Los_Angeles,34.066547,-118.52405,86.0,2.4935007095336914
2026-09-22,deterministic,ukmo_seamless,0.0,58.3,68.2,76.8,59.7,70.9,80.5,,,2026-09-22T06:42,2026-09-22T18:50,43713.06,39600.0,22.02,0.0,0.0,,0.0,0.0,0.0,0.0,0.0,0.0,0.0,9.0,35039.372,58322.396,69816.272,0.0,55.4,250.0,58.0,79.0,98.0,57.8,60.8,63.6,57.9,63.2,67.0,0.9,3.8,8.9,1.8,8.2,19.9,205.0,1009.6,1011.6,1013.4,999.6,1001.5,1003.3,0.157,1.31,50.0,America/Los_Angeles,34.03125,-118.546875,86.0,812.1780157089233
2026-09-23,deterministic,ukmo_seamless,45.0,60.4,72.6,86.3,63.4,76.3,90.0,,,2026-09-23T06:43,2026-09-23T18:49,43586.81,39600.0,22.22,0.0,0.0,,0.0,0.0,0.0,0.0,0.0,0.0,9.0,100.0,262.467,52539.916,72965.88,0.0,349.6,1200.0,42.0,75.0,100.0,59.7,62.7,68.5,60.4,66.1,69.8,0.7,3.3,6.9,1.3,7.0,15.2,191.0,1008.2,1009.8,1011.2,998.4,999.8,1001.2,0.179,2.49,52.0,America/Los_Angeles,34.03125,-118.546875,86.0,812.1780157089233
2026-09-24,deterministic,ukmo_seamless,3.0,67.1,72.2,80.7,72.0,76.5,83.0,,,2026-09-24T06:43,2026-09-24T18:47,43460.21,,,0.0,0.0,,0.0,0.0,0.0,0.0,0.0,0.0,23.0,94.0,24671.916,55550.084,74343.832,170.0,641.7,1170.0,56.0,81.0,97.0,63.5,65.7,67.2,66.4,67.7,69.4,0.9,3.6,6.0,2.5,8.1,14.3,203.0,1010.7,1011.8,1013.0,1000.7,1001.8,1003.1,,1.57,56.0,America/Los_Angeles,34.03125,-118.546875,86.0,812.1780157089233
2026-09-25,deterministic,ukmo_seamless,45.0,65.2,71.5,81.5,69.9,75.6,84.2,,,2026-09-25T06:44,2026-09-25T18:46,43333.35,,,0.0,0.0,,0.0,0.0,0.0,0.0,0.0,0.0,62.0,100.0,393.701,48756.016,75853.016,0.0,368.8,1000.0,55.0,83.0,100.0,63.8,65.2,66.3,65.2,67.2,69.7,1.3,3.6,5.6,3.6,8.0,13.0,202.0,1010.7,1012.3,1013.7,1000.8,1002.2,1003.8,,1.65,57.0,America/Los_Angeles,34.03125,-118.546875,86.0,812.1780157089233
2026-09-26,deterministic,ukmo_seamless,3.0,65.5,69.2,76.9,70.3,73.3,79.2,,,2026-09-26T06:45,2026-09-26T18:45,43206.31,,,0.0,0.0,,0.0,0.0,0.0,0.0,0.0,0.0,56.0,100.0,15091.863,51200.24,74671.912,0.0,62.5,300.0,64.0,86.0,99.0,63.5,64.6,66.0,64.7,66.0,68.2,0.9,3.1,6.9,3.4,7.7,15.9,195.0,1011.3,1012.4,1013.7,1001.3,1002.4,1003.7,,1.14,66.0,America/Los_Angeles,34.03125,-118.546875,86.0,812.1780157089233
2026-09-27,deterministic,ukmo_seamless,3.0,62.8,68.8,75.7,66.0,71.2,75.7,,,2026-09-27T06:45,2026-09-27T18:43,43079.17,,,0.0,0.0,,0.0,0.0,0.0,0.0,0.0,0.0,47.0,100.0,23884.514,58439.96,82349.08,0.0,13.3,50.0,57.0,78.0,95.0,58.2,61.1,64.0,60.9,63.7,65.3,0.7,3.4,7.6,2.0,8.2,17.7,198.0,1012.7,1013.3,1014.4,1002.6,1003.2,1004.4,,1.31,50.0,America/Los_Angeles,34.03125,-118.546875,86.0,812.1780157089233
2026-09-28,deterministic,ukmo_seamless,,,,,,,,,,2026-09-28T06:46,2026-09-28T18:42,42952.01,,,,,,,6.0,0.0,0.0,0.0,,,,,,,,,,,,,,,,,,,,,,,,,,,,,,,,,,,America/Los_Angeles,34.03125,-118.546875,86.0,812.1780157089233
2026-09-29,deterministic,ukmo_seamless,,,,,,,,,,2026-09-29T06:47,2026-09-29T18:40,42824.9,,,,,,,0.0,0.0,0.0,0.0,,,,,,,,,,,,,,,,,,,,,,,,,,,,,,,,,,,America/Los_Angeles,34.03125,-118.546875,86.0,812.1780157089233
2026-09-30,deterministic,ukmo_seamless,,,,,,,,,,2026-09-30T06:48,2026-09-30T18:39,42697.94,,,,,,,0.0,0.0,0.0,0.0,,,,,,,,,,,,,,,,,,,,,,,,,,,,,,,,,,,America/Los_Angeles,34.03125,-118.546875,86.0,812.1780157089233
2026-10-01,deterministic,ukmo_seamless,,,,,,,,,,2026-10-01T06:48,2026-10-01T18:38,42571.18,,,,,,,0.0,0.0,0.0,0.0,,,,,,,,,,,,,,,,,,,,,,,,,,,,,,,,,,,America/Los_Angeles,34.03125,-118.546875,86.0,812.1780157089233
2026-10-02,deterministic,ukmo_seamless,,,,,,,,,,2026-10-02T06:49,2026-10-02T18:36,42444.73,,,,,,,0.0,,,,,,,,,,,,,,,,,,,,,,,,,,,,,,,,,,,,,,America/Los_Angeles,34.03125,-118.546875,86.0,812.1780157089233
2026-10-03,deterministic,ukmo_seamless,,,,,,,,,,2026-10-03T06:50,2026-10-03T18:35,42318.66,,,,,,,0.0,,,,,,,,,,,,,,,,,,,,,,,,,,,,,,,,,,,,,,America/Los_Angeles,34.03125,-118.546875,86.0,812.1780157089233
2026-10-04,deterministic,ukmo_seamless,,,,,,,,,,2026-10-04T06:51,2026-10-04T18:34,42193.06,,,,,,,0.0,,,,,,,,,,,,,,,,,,,,,,,,,,,,,,,,,,,,,,America/Los_Angeles,34.03125,-118.546875,86.0,812.1780157089233
2026-10-05,deterministic,ukmo_seamless,,,,,,,,,,2026-10-05T06:51,2026-10-05T18:32,42068.0,,,,,,,0.0,,,,,,,,,,,,,,,,,,,,,,,,,,,,,,,,,,,,,,America/Los_Angeles,34.03125,-118.546875,86.0,812.1780157089233
2026-09-22,deterministic,bom_access_global,,,,,,,,,,2026-09-22T06:42,2026-09-22T18:50,43713.14,,,,,,,0.0,,,,,,,,,,,,,,,,,,,,,,,,,,,,,,,,,,,,,,America/Los_Angeles,34.04297,-118.56445,86.0,0.8310079574584961
2026-09-23,deterministic,bom_access_global,,,,,,,,,,2026-09-23T06:43,2026-09-23T18:49,43586.83,,,,,,,0.0,,,,,,,,,,,,,,,,,,,,,,,,,,,,,,,,,,,,,,America/Los_Angeles,34.04297,-118.56445,86.0,0.8310079574584961
2026-09-24,deterministic,bom_access_global,,,,,,,,,,2026-09-24T06:43,2026-09-24T18:47,43460.18,,,,,,,0.0,,,,,,,,,,,,,,,,,,,,,,,,,,,,,,,,,,,,,,America/Los_Angeles,34.04297,-118.56445,86.0,0.8310079574584961
2026-09-25,deterministic,bom_access_global,,,,,,,,,,2026-09-25T06:44,2026-09-25T18:46,43333.27,,,,,,,0.0,,,,,,,,,,,,,,,,,,,,,,,,,,,,,,,,,,,,,,America/Los_Angeles,34.04297,-118.56445,86.0,0.8310079574584961
2026-09-26,deterministic,bom_access_global,,,,,,,,,,2026-09-26T06:45,2026-09-26T18:45,43206.17,,,,,,,0.0,,,,,,,,,,,,,,,,,,,,,,,,,,,,,,,,,,,,,,America/Los_Angeles,34.04297,-118.56445,86.0,0.8310079574584961
2026-09-27,deterministic,bom_access_global,,,,,,,,,,2026-09-27T06:46,2026-09-27T18:43,43078.97,,,,,,,0.0,,,,,,,,,,,,,,,,,,,,,,,,,,,,,,,,,,,,,,America/Los_Angeles,34.04297,-118.56445,86.0,0.8310079574584961
2026-09-28,deterministic,bom_access_global,,,,,,,,,,2026-09-28T06:46,2026-09-28T18:42,42951.75,,,,,,,0.0,,,,,,,,,,,,,,,,,,,,,,,,,,,,,,,,,,,,,,America/Los_Angeles,34.04297,-118.56445,86.0,0.8310079574584961
2026-09-29,deterministic,bom_access_global,,,,,,,,,,2026-09-29T06:47,2026-09-29T18:40,42824.59,,,,,,,0.0,,,,,,,,,,,,,,,,,,,,,,,,,,,,,,,,,,,,,,America/Los_Angeles,34.04297,-118.56445,86.0,0.8310079574584961
2026-09-30,deterministic,bom_access_global,,,,,,,,,,2026-09-30T06:48,2026-09-30T18:39,42697.56,,,,,,,0.0,,,,,,,,,,,,,,,,,,,,,,,,,,,,,,,,,,,,,,America/Los_Angeles,34.04297,-118.56445,86.0,0.8310079574584961
2026-10-01,deterministic,bom_access_global,,,,,,,,,,2026-10-01T06:48,2026-10-01T18:38,42570.76,,,,,,,0.0,,,,,,,,,,,,,,,,,,,,,,,,,,,,,,,,,,,,,,America/Los_Angeles,34.04297,-118.56445,86.0,0.8310079574584961
2026-10-02,deterministic,bom_access_global,,,,,,,,,,2026-10-02T06:49,2026-10-02T18:36,42444.25,,,,,,,0.0,,,,,,,,,,,,,,,,,,,,,,,,,,,,,,,,,,,,,,America/Los_Angeles,34.04297,-118.56445,86.0,0.8310079574584961
2026-10-03,deterministic,bom_access_global,,,,,,,,,,2026-10-03T06:50,2026-10-03T18:35,42318.13,,,,,,,0.0,,,,,,,,,,,,,,,,,,,,,,,,,,,,,,,,,,,,,,America/Los_Angeles,34.04297,-118.56445,86.0,0.8310079574584961
2026-10-04,deterministic,bom_access_global,,,,,,,,,,2026-10-04T06:51,2026-10-04T18:34,42192.47,,,,,,,0.0,,,,,,,,,,,,,,,,,,,,,,,,,,,,,,,,,,,,,,America/Los_Angeles,34.04297,-118.56445,86.0,0.8310079574584961
2026-10-05,deterministic,bom_access_global,,,,,,,,,,2026-10-05T06:51,2026-10-05T18:32,42067.35,,,,,,,0.0,,,,,,,,,,,,,,,,,,,,,,,,,,,,,,,,,,,,,,America/Los_Angeles,34.04297,-118.56445,86.0,0.8310079574584961
2026-09-22,deterministic,cma_grapes_global,0.0,59.8,68.8,81.0,61.4,70.2,81.1,,,2026-09-22T06:42,2026-09-22T18:50,43713.28,35183.41,19.86,0.0,0.0,0.0,0.0,0.0,,,,0.0,1.0,2.0,98425.192,98425.192,98425.192,0.0,0.0,0.0,47.0,72.0,91.0,56.7,58.5,60.8,57.9,62.1,67.2,0.2,3.9,11.3,2.2,11.3,26.4,198.0,1008.1,1011.3,1013.1,998.2,1001.2,1002.9,0.152,1.9,45.0,America/Los_Angeles,34.0625,-118.5,86.0,44.713497161865234
2026-09-23,deterministic,cma_grapes_global,0.0,61.7,75.0,90.1,62.7,74.9,89.0,,,2026-09-23T06:42,2026-09-23T18:49,43586.87,35099.02,19.92,0.0,0.0,0.0,0.0,0.0,,,,2.0,3.0,4.0,98425.192,98425.192,98425.192,0.0,0.0,0.0,28.0,54.0,85.0,48.9,54.5,60.3,57.4,62.4,68.0,0.8,4.3,8.5,3.8,12.6,20.4,172.0,1007.6,1009.3,1011.2,997.9,999.4,1001.2,0.186,3.48,23.0,America/Los_Angeles,34.0625,-118.5,86.0,44.713497161865234
2026-09-24,deterministic,cma_grapes_global,0.0,62.9,74.4,88.2,65.1,75.4,88.1,,,2026-09-24T06:43,2026-09-24T18:47,43460.13,35014.42,19.45,0.0,0.0,0.0,0.0,0.0,,,,4.0,4.0,4.0,98425.192,98425.192,98425.192,0.0,0.0,0.0,33.0,61.0,88.0,54.9,58.5,61.6,59.2,64.3,68.1,0.8,5.0,10.2,0.9,13.6,21.5,166.0,1008.8,1010.7,1011.6,999.0,1000.7,1001.7,0.181,3.04,23.0,America/Los_Angeles,34.0625,-118.5,86.0,44.713497161865234
2026-09-25,deterministic,cma_grapes_global,3.0,62.5,73.2,86.8,64.6,74.8,87.3,,,2026-09-25T06:44,2026-09-25T18:46,43333.12,34929.68,19.13,0.0,0.0,0.0,0.0,0.0,,,,4.0,26.0,94.0,98425.192,98425.192,98425.192,0.0,0.0,0.0,37.0,64.0,83.0,57.3,58.9,60.7,58.9,64.0,68.5,0.0,4.0,9.6,0.9,12.0,21.5,184.0,1008.0,1010.5,1011.8,998.2,1000.5,1001.9,0.167,2.74,25.0,America/Los_Angeles,34.0625,-118.5,86.0,44.713497161865234
2026-09-26,deterministic,cma_grapes_global,,62.3,71.1,83.6,63.8,72.2,83.1,,,2026-09-26T06:45,2026-09-26T18:44,43205.93,34844.92,19.29,0.0,0.0,0.0,0.0,0.0,,,,,49.0,,,98425.192,,0.0,0.0,0.0,37.0,68.0,89.0,54.2,58.3,62.8,59.4,62.9,65.8,2.1,4.7,9.2,4.0,12.1,21.7,154.0,1008.6,1009.9,1011.5,998.8,999.9,1001.4,0.163,2.47,41.0,America/Los_Angeles,34.0625,-118.5,86.0,44.713497161865234
2026-09-27,deterministic,cma_grapes_global,,,,,,,,,,2026-09-27T06:45,2026-09-27T18:43,43078.64,,,,,,,0.0,,,,,,,,,,,,,,,,,,,,,,,,,,,,,,,,,,,,,,America/Los_Angeles,34.0625,-118.5,86.0,44.713497161865234
2026-09-28,deterministic,cma_grapes_global,,,,,,,,,,2026-09-28T06:46,2026-09-28T18:42,42951.33,,,,,,,0.0,,,,,,,,,,,,,,,,,,,,,,,,,,,,,,,,,,,,,,America/Los_Angeles,34.0625,-118.5,86.0,44.713497161865234
2026-09-29,deterministic,cma_grapes_global,,,,,,,,,,2026-09-29T06:47,2026-09-29T18:40,42824.07,,,,,,,0.0,,,,,,,,,,,,,,,,,,,,,,,,,,,,,,,,,,,,,,America/Los_Angeles,34.0625,-118.5,86.0,44.713497161865234
2026-09-30,deterministic,cma_grapes_global,,,,,,,,,,2026-09-30T06:47,2026-09-30T18:39,42696.95,,,,,,,0.0,,,,,,,,,,,,,,,,,,,,,,,,,,,,,,,,,,,,,,America/Los_Angeles,34.0625,-118.5,86.0,44.713497161865234
2026-10-01,deterministic,cma_grapes_global,,,,,,,,,,2026-10-01T06:48,2026-10-01T18:37,42570.05,,,,,,,0.0,,,,,,,,,,,,,,,,,,,,,,,,,,,,,,,,,,,,,,America/Los_Angeles,34.0625,-118.5,86.0,44.713497161865234
2026-10-02,deterministic,cma_grapes_global,,,,,,,,,,2026-10-02T06:49,2026-10-02T18:36,42443.45,,,,,,,0.0,,,,,,,,,,,,,,,,,,,,,,,,,,,,,,,,,,,,,,America/Los_Angeles,34.0625,-118.5,86.0,44.713497161865234
2026-10-03,deterministic,cma_grapes_global,,,,,,,,,,2026-10-03T06:50,2026-10-03T18:35,42317.24,,,,,,,0.0,,,,,,,,,,,,,,,,,,,,,,,,,,,,,,,,,,,,,,America/Los_Angeles,34.0625,-118.5,86.0,44.713497161865234
2026-10-04,deterministic,cma_grapes_global,,,,,,,,,,2026-10-04T06:50,2026-10-04T18:33,42191.48,,,,,,,0.0,,,,,,,,,,,,,,,,,,,,,,,,,,,,,,,,,,,,,,America/Los_Angeles,34.0625,-118.5,86.0,44.713497161865234
2026-10-05,deterministic,cma_grapes_global,,,,,,,,,,2026-10-05T06:51,2026-10-05T18:32,42066.28,,,,,,,0.0,,,,,,,,,,,,,,,,,,,,,,,,,,,,,,,,,,,,,,America/Los_Angeles,34.0625,-118.5,86.0,44.713497161865234
