time_utc,cams_uv_biologically_effective_dose,cams_uv_biologically_effective_dose_clear_sky,cams_surface_downward_uv_radiation,source,cams_total_aerosol_optical_depth_at_340_nm,cams_total_aerosol_optical_depth_at_355_nm,cams_total_aerosol_optical_depth_at_380_nm,cams_total_aerosol_optical_depth_at_400_nm,cams_total_absorption_aerosol_optical_depth_at_340_nm,cams_total_absorption_aerosol_optical_depth_at_355_nm,cams_total_absorption_aerosol_optical_depth_at_380_nm,cams_total_absorption_aerosol_optical_depth_at_400_nm,cams_single_scattering_albedo_at_340_nm,cams_single_scattering_albedo_at_355_nm,cams_single_scattering_albedo_at_380_nm,cams_single_scattering_albedo_at_400_nm,cams_asymmetry_factor_at_340_nm,cams_asymmetry_factor_at_355_nm,cams_asymmetry_factor_at_380_nm,cams_asymmetry_factor_at_400_nm,cams_gems_total_column_ozone,cams_total_column_vertically_integrated_water_vapour,cams_total_cloud_cover,cams_total_column_cloud_liquid_water,cams_total_column_cloud_ice_water,cams_forecast_albedo,cams_surface_direct_normal_short_wave_solar_radiation,cams_surface_short_wave_solar_radiation_downwards,cams_cycle
2026-09-22 00:00:00+00:00,0.0,0.0,0.0,cams_direct_forecast,0.1844027,0.17999965,0.17224418,0.16574101,0.010445003,0.010045544,0.00942107,0.008880697,0.9433754,0.94420874,0.945321,0.94643617,0.71745265,0.71867573,0.72003865,0.7207895,0.005991045,28.929916,0.9785797,0.017535813,0.0003187695,0.16548818,0.0,0.0,2026-09-22T00:00Z
2026-09-22 01:00:00+00:00,0.0,0.0,0.0,cams_direct_forecast,0.1963577,0.19184557,0.18386126,0.17713097,0.010889626,0.01047606,0.009826864,0.009237023,0.9445535,0.94540495,0.9465644,0.94786376,0.7212494,0.72272813,0.7245333,0.7256443,0.0059905406,28.21611,0.9939076,0.01545985,0.0013359438,0.16548818,0.0,0.0,2026-09-22T00:00Z
2026-09-22 02:00:00+00:00,0.0,0.0,0.0,cams_direct_forecast,0.19534539,0.19085228,0.18290901,0.17622083,0.011667275,0.0112268515,0.010533442,0.009889231,0.9402784,0.9411797,0.942416,0.94388646,0.7195086,0.7209704,0.72273135,0.72382265,0.006016504,27.213089,0.9825502,0.017821986,0.002922976,0.16548818,0.0,0.0,2026-09-22T00:00Z
2026-09-22 03:00:00+00:00,0.0,0.0,0.0,cams_direct_forecast,0.19082282,0.18646906,0.17876767,0.17228042,0.012355754,0.011890392,0.011159393,0.010498182,0.9352545,0.9362383,0.93758005,0.93906766,0.7160924,0.7175533,0.71929526,0.72037476,0.0060431114,25.900635,0.95207846,0.015433226,0.0045879977,0.16548818,0.0,0.0,2026-09-22T00:00Z
2026-09-22 04:00:00+00:00,0.0,0.0,0.0,cams_direct_forecast,0.18939987,0.18511565,0.17751421,0.17109057,0.013058715,0.012567143,0.011796322,0.011117603,0.9310561,0.93211555,0.9335511,0.9350228,0.71339065,0.7148793,0.7166328,0.71769327,0.0060497764,24.47586,0.9307887,0.011474825,0.01108478,0.16548818,0.0,0.0,2026-09-22T00:00Z
2026-09-22 05:00:00+00:00,0.0,0.0,0.0,cams_direct_forecast,0.18821983,0.18386383,0.17613614,0.16960786,0.013544455,0.013035074,0.012237351,0.0115432665,0.92804486,0.9291105,0.9305292,0.9319468,0.71025753,0.7116448,0.7131751,0.7140175,0.006051915,23.114716,0.75841016,0.01082734,0.0070054308,0.16548818,0.0,0.0,2026-09-22T00:00Z
2026-09-22 06:00:00+00:00,0.0,0.0,0.0,cams_direct_forecast,0.19782203,0.19325225,0.1851411,0.17828488,0.013983469,0.013457689,0.0126333,0.011908611,0.92932034,0.9303696,0.93177176,0.9332118,0.7111742,0.71258736,0.71417177,0.7150429,0.0060574356,22.085148,0.6077752,0.0107357465,0.004116513,0.16548818,0.0,0.0,2026-09-22T00:00Z
2026-09-22 07:00:00+00:00,0.0,0.0,0.0,cams_direct_forecast,0.21140324,0.20643775,0.19765928,0.1902573,0.014660112,0.014108148,0.013242548,0.012475387,0.93062305,0.931629,0.93297195,0.93439513,0.71096283,0.71232426,0.7138419,0.71466273,0.0060720225,21.519665,0.6018254,0.011498772,0.0018173535,0.16548818,0.0,0.0,2026-09-22T00:00Z
2026-09-22 08:00:00+00:00,0.0,0.0,0.0,cams_direct_forecast,0.2296224,0.22410703,0.21440208,0.20625685,0.015472141,0.014888056,0.01397129,0.013155289,0.9325883,0.93353635,0.934805,0.9361871,0.71159416,0.7128999,0.7143559,0.7151341,0.0060808063,21.166946,0.60883844,0.011115529,0.0016541111,0.16548818,0.0,0.0,2026-09-22T00:00Z
2026-09-22 09:00:00+00:00,0.0,0.0,0.0,cams_direct_forecast,0.22923936,0.22339307,0.21319197,0.20470074,0.016067859,0.0154579785,0.014506333,0.013722534,0.92990255,0.9307985,0.9319509,0.93295664,0.7056833,0.70669353,0.707622,0.70797193,0.006091758,20.879967,0.3831148,0.009275779,0.00045081077,0.16548818,0.0,0.0,2026-09-22T00:00Z
2026-09-22 10:00:00+00:00,0.0,0.0,0.0,cams_direct_forecast,0.23951048,0.23329958,0.22249472,0.21353127,0.016753303,0.016114155,0.015118432,0.014329542,0.93005353,0.9309309,0.9320524,0.9328935,0.70325094,0.7041821,0.70498204,0.7052334,0.006117546,20.524624,0.18126512,0.0055336403,6.103012e-05,0.16548818,0.0,0.0,2026-09-22T00:00Z
2026-09-22 11:00:00+00:00,0.0,0.0,0.0,cams_direct_forecast,0.25335607,0.24651605,0.2347031,0.22496943,0.017447991,0.016778192,0.015735526,0.014939972,0.9311324,0.93193835,0.932955,0.93359,0.69899046,0.6997291,0.70021623,0.70023453,0.0061452966,20.081177,0.21986568,0.0038076562,0.00017971937,0.16544467,0.0,0.0,2026-09-22T00:00Z
2026-09-22 12:00:00+00:00,0.0022643034,0.0023546708,2748.4487,cams_direct_forecast,0.269197,0.26183707,0.24915299,0.23872651,0.017833984,0.017144663,0.01607226,0.015273506,0.9337514,0.9345216,0.93549216,0.93602073,0.69870394,0.6993843,0.6997821,0.6997391,0.00614914,19.510315,0.1747542,0.004249928,0.00012037666,0.16527045,201445.12,23495.18,2026-09-22T00:00Z
2026-09-22 13:00:00+00:00,0.013826977,0.014560907,45016.934,cams_direct_forecast,0.27243948,0.26501662,0.25221103,0.24167773,0.017618977,0.016934233,0.015869426,0.015080403,0.93532854,0.9361007,0.9370785,0.93760103,0.69934696,0.70000684,0.7003676,0.70029974,0.0061416836,18.844555,0.14797264,0.006805088,2.8824245e-05,0.1650238,1.836669e+06,472662.44,2026-09-22T00:00Z
2026-09-22 14:00:00+00:00,0.037573274,0.040650725,156060.69,cams_direct_forecast,0.27963674,0.2721928,0.25930116,0.24865723,0.017257618,0.016583202,0.015534689,0.014760843,0.93828636,0.93907607,0.9400908,0.9406382,0.7026954,0.70346737,0.7040246,0.70411235,0.0061261333,18.28719,0.1980275,0.011728602,2.8824172e-05,0.16482037,4.21048e+06,1.559641e+06,2026-09-22T00:00Z
2026-09-22 15:00:00+00:00,0.06869351,0.07703251,335556.12,cams_direct_forecast,0.29781148,0.2901578,0.27683035,0.26576868,0.017102169,0.01643121,0.015388058,0.0146193,0.9425674,0.9433651,0.94440657,0.9449855,0.70995826,0.7109487,0.71190405,0.71230847,0.0061146696,18.153723,0.41242635,0.01537613,0.00018310556,0.16470462,6.958232e+06,3.295696e+06,2026-09-22T00:00Z
2026-09-22 16:00:00+00:00,0.09302438,0.11255133,552179.9,cams_direct_forecast,0.320148,0.31220144,0.29830575,0.28672072,0.017230755,0.016553545,0.015500953,0.014724065,0.9461721,0.9469711,0.9480296,0.94863933,0.71595955,0.71714985,0.7184836,0.7191971,0.006101425,18.476303,0.8590045,0.015516398,0.0011901394,0.16474885,9.043112e+06,5.238806e+06,2026-09-22T00:00Z
2026-09-22 17:00:00+00:00,0.082970135,0.13346963,809195.1,cams_direct_forecast,0.3623255,0.35353345,0.33811763,0.32522848,0.017481277,0.016793758,0.01572561,0.014935605,0.9517391,0.9524838,0.9534771,0.9540629,0.72460955,0.72597456,0.7276601,0.7286555,0.00609536,19.298752,0.99734324,0.04973179,0.0042419382,0.16474885,1.1067183e+07,7.450614e+06,2026-09-22T00:00Z
2026-09-22 18:00:00+00:00,0.04801833,0.13241862,1.0069792e+06,cams_direct_forecast,0.38914627,0.3799999,0.36387864,0.35033515,0.01755996,0.01686947,0.015796691,0.015001591,0.954871,0.9556019,0.95658326,0.9571742,0.7300193,0.7315532,0.7335515,0.7347888,0.0061027575,20.499237,1.0,0.16683823,0.01310539,0.16474885,1.1991457e+07,9.310082e+06,2026-09-22T00:00Z
2026-09-22 19:00:00+00:00,0.035672642,0.110317014,1.179037e+06,cams_direct_forecast,0.4023784,0.39304635,0.37655866,0.36266783,0.017803293,0.017102968,0.01601498,0.015207658,0.9557496,0.9564808,0.9574647,0.95806134,0.7312389,0.7328419,0.734961,0.7362788,0.0061073937,22.257462,1.0,0.16975647,0.038649872,0.16469032,1.2056831e+07,1.0386432e+07,2026-09-22T00:00Z
2026-09-22 20:00:00+00:00,0.021163713,0.07418575,1.311599e+06,cams_direct_forecast,0.4448489,0.4347668,0.41688374,0.40175527,0.018008452,0.01729802,0.01619506,0.015376423,0.9595149,0.96021,0.961149,0.96172357,0.7366577,0.73840237,0.7407863,0.7422978,0.006112599,23.812195,1.0,0.20685154,0.050751403,0.1647771,1.2291139e+07,1.1253863e+07,2026-09-22T00:00Z
2026-09-22 21:00:00+00:00,0.0113554625,0.03846007,1.402652e+06,cams_direct_forecast,0.44363233,0.43349966,0.4155523,0.40039268,0.017768204,0.017065829,0.015975734,0.015167346,0.95991975,0.960604,0.9615271,0.96209097,0.7351829,0.73689246,0.73922074,0.7406869,0.006119267,25.216797,1.0,0.17383325,0.06951128,0.16496527,1.242415e+07,1.1921421e+07,2026-09-22T00:00Z
2026-09-22 22:00:00+00:00,0.005865354,0.013845198,1.445447e+06,cams_direct_forecast,0.48362693,0.47282284,0.45361197,0.4373212,0.01772216,0.017017333,0.015924603,0.015121131,0.96326894,0.96392167,0.96480536,0.9653336,0.7408797,0.7426938,0.74521905,0.746835,0.00612821,26.655304,1.0,0.084585525,0.07353681,0.16519797,1.242415e+07,1.2292417e+07,2026-09-22T00:00Z
2026-09-22 23:00:00+00:00,0.00086613995,0.0023401899,1.467503e+06,cams_direct_forecast,0.45384672,0.44355544,0.42528585,0.4098148,0.01796585,0.017248616,0.016137201,0.01532222,0.96029204,0.9609902,0.9619323,0.9624873,0.7369623,0.73865706,0.7409604,0.7423877,0.006127752,27.924973,1.0,0.13269478,0.052495603,0.1654014,1.242415e+07,1.2431433e+07,2026-09-22T00:00Z
2026-09-23 00:00:00+00:00,0.0,0.0,1.470942e+06,cams_direct_forecast,0.38875538,0.37956348,0.363324,0.3496393,0.017381215,0.016685653,0.015607828,0.014817486,0.9552101,0.9559597,0.95696056,0.9575391,0.72976476,0.73120975,0.7330454,0.7340813,0.0061188918,28.91571,1.0,0.108448386,0.029674955,0.16488642,1.242415e+07,1.2455766e+07,2026-09-22T00:00Z
2026-09-23 01:00:00+00:00,0.0,0.0,1.470944e+06,cams_direct_forecast,0.33695138,0.32882455,0.31449974,0.3024591,0.01660813,0.015944099,0.01491474,0.014159669,0.9506832,0.9514841,0.95254827,0.9531565,0.7228109,0.7240896,0.72560763,0.72638655,0.0061292564,29.06247,1.0,0.10929662,0.01170911,0.16488642,1.242415e+07,1.2455724e+07,2026-09-22T00:00Z
2026-09-23 02:00:00+00:00,0.0,0.0,1.470946e+06,cams_direct_forecast,0.30671194,0.29907113,0.2856617,0.27444038,0.015979586,0.015342119,0.014353449,0.013627804,0.947891,0.9486915,0.9497444,0.9503342,0.7177049,0.7188073,0.7199973,0.72051656,0.006135231,28.830856,1.0000002,0.106348455,0.006246334,0.16488642,1.242415e+07,1.2455837e+07,2026-09-22T00:00Z
2026-09-23 03:00:00+00:00,0.0,0.0,1.470933e+06,cams_direct_forecast,0.28761423,0.28031752,0.26754487,0.25688732,0.015554445,0.014936097,0.013976464,0.013268417,0.94591117,0.94670916,0.94775236,0.9483414,0.7141291,0.7151301,0.7161321,0.71650964,0.006142206,28.016632,0.98831457,0.044158746,0.0058356524,0.16488642,1.242415e+07,1.2455704e+07,2026-09-22T00:00Z
2026-09-23 04:00:00+00:00,0.0,0.0,1.470922e+06,cams_direct_forecast,0.29153386,0.28409547,0.27109393,0.2602606,0.015695982,0.015073363,0.014106614,0.01338718,0.94613856,0.9469206,0.94794214,0.9485406,0.71395224,0.7149336,0.7159148,0.71628267,0.0061422945,26.88855,0.9388057,0.026968792,0.0040217233,0.16488642,1.242415e+07,1.2455568e+07,2026-09-22T00:00Z
2026-09-23 05:00:00+00:00,0.0,0.0,1.471002e+06,cams_direct_forecast,0.29786244,0.29042664,0.27739272,0.2665042,0.01560188,0.01498328,0.014022714,0.013301883,0.94758075,0.9483694,0.9494079,0.9500467,0.7167192,0.71781415,0.7190101,0.7195534,0.006141752,25.834381,0.7440118,0.02985308,0.0017088335,0.16488642,1.242415e+07,1.2455501e+07,2026-09-22T00:00Z
2026-09-23 06:00:00+00:00,0.0,0.0,1.470953e+06,cams_direct_forecast,0.27923843,0.2721573,0.25978056,0.24946697,0.015057341,0.014461478,0.013535539,0.012832306,0.94606525,0.94685143,0.94788396,0.94854844,0.7128004,0.7137777,0.7147629,0.7151449,0.0061487416,25.047592,0.76156574,0.032142606,0.003000958,0.16488642,1.242415e+07,1.2455702e+07,2026-09-22T00:00Z
2026-09-23 07:00:00+00:00,0.0,0.0,1.470987e+06,cams_direct_forecast,0.2622105,0.25545168,0.2436721,0.23388308,0.014563581,0.013988331,0.013093584,0.012407381,0.94445795,0.9452406,0.946265,0.94695,0.70867294,0.70953345,0.71030784,0.71052533,0.0061522787,24.359787,0.953995,0.04597623,0.011878349,0.16488642,1.242415e+07,1.2455829e+07,2026-09-22T00:00Z
2026-09-23 08:00:00+00:00,0.0,0.0,1.471014e+06,cams_direct_forecast,0.2720116,0.2651184,0.25307968,0.2430554,0.014331472,0.013765412,0.012884745,0.0122052105,0.94730926,0.9480747,0.9490846,0.9497802,0.71279305,0.71379393,0.71483,0.7152571,0.006142848,23.84761,0.9999978,0.054685704,0.014183603,0.16488642,1.2424214e+07,1.2455342e+07,2026-09-22T00:00Z
2026-09-23 09:00:00+00:00,0.0,0.0,1.470978e+06,cams_direct_forecast,0.25666562,0.25011992,0.2387063,0.2292125,0.013929519,0.013379861,0.012524111,0.011860768,0.9457279,0.94650537,0.94753224,0.9482536,0.7094288,0.71036613,0.7112926,0.7116399,0.006134061,23.625137,0.9988729,0.07076071,0.006384682,0.16488642,1.2424214e+07,1.2455787e+07,2026-09-22T00:00Z
2026-09-23 10:00:00+00:00,0.0,0.0,1.470906e+06,cams_direct_forecast,0.25043508,0.24407369,0.23297684,0.22374338,0.01389144,0.013343075,0.012488583,0.01181924,0.94453007,0.94533086,0.94639426,0.94717413,0.7078216,0.70874923,0.7096563,0.7099858,0.0061228257,23.493164,0.9773176,0.061433773,0.009006184,0.16488642,1.2424214e+07,1.2455287e+07,2026-09-22T00:00Z
2026-09-23 11:00:00+00:00,0.0,0.0,1.470919e+06,cams_direct_forecast,0.25111887,0.24480364,0.23377018,0.22457564,0.013921998,0.0133726895,0.012516476,0.011846103,0.94454366,0.9453572,0.9464414,0.94723445,0.7086041,0.7095937,0.710614,0.71102977,0.00611477,23.816772,0.99080974,0.070820495,0.011590067,0.1648432,1.2424214e+07,1.2455933e+07,2026-09-22T00:00Z
2026-09-23 12:00:00+00:00,0.0012813265,0.0022621567,1.472518e+06,cams_direct_forecast,0.25257045,0.24629252,0.23530059,0.22612174,0.013957219,0.013405815,0.01254696,0.01188203,0.94473094,0.94556105,0.9466685,0.94744456,0.70952684,0.7105757,0.7116975,0.71217865,0.0060974224,24.207703,0.9901414,0.060587812,0.015103733,0.16466963,1.2433874e+07,1.2467986e+07,2026-09-22T00:00Z
2026-09-23 13:00:00+00:00,0.00915396,0.014421329,1.496637e+06,cams_direct_forecast,0.25340757,0.24715257,0.23618439,0.22700904,0.014178466,0.0136175705,0.012744919,0.01208015,0.94404185,0.94489527,0.9460312,0.9467783,0.7095028,0.7105933,0.71178347,0.7123044,0.0060788845,24.600845,0.9807773,0.051254254,0.0035911202,0.16442299,1.282577e+07,1.2704906e+07,2026-09-22T00:00Z
2026-09-23 14:00:00+00:00,0.027602218,0.04090997,1.569366e+06,cams_direct_forecast,0.2434954,0.23751038,0.22700422,0.218205,0.013994043,0.0134395,0.0125778485,0.011930915,0.9425186,0.9434051,0.94458175,0.945312,0.7075988,0.7086968,0.70988697,0.71039385,0.006065662,25.1566,0.9017684,0.053532276,0.0,0.16422045,1.3711446e+07,1.3362864e+07,2026-09-22T00:00Z
2026-09-23 15:00:00+00:00,0.057293534,0.07842838,1.681038e+06,cams_direct_forecast,0.23304334,0.2273312,0.2172954,0.20887859,0.013502134,0.012966462,0.012134339,0.011507286,0.9420457,0.9429464,0.9441409,0.9448931,0.7068363,0.7079117,0.7090573,0.70952,0.0060621207,25.633362,0.6767924,0.048516575,0.0,0.1640895,1.4956557e+07,1.4523516e+07,2026-09-22T00:00Z
2026-09-23 16:00:00+00:00,0.06074042,0.114704385,1.847801e+06,cams_direct_forecast,0.246858,0.24093635,0.23051265,0.22175556,0.013332258,0.012802713,0.011980522,0.011358596,0.9459925,0.9468632,0.9480274,0.9487791,0.7120908,0.7133432,0.7148392,0.7155903,0.0060634725,26.366653,0.89231974,0.08720262,0.0,0.16414708,1.6400111e+07,1.5976205e+07,2026-09-22T00:00Z
2026-09-23 17:00:00+00:00,0.04099978,0.13700183,2.048507e+06,cams_direct_forecast,0.2633843,0.25721118,0.24631272,0.23712805,0.013774218,0.013226743,0.012377115,0.01173438,0.94766504,0.94853824,0.94971234,0.9504754,0.71550035,0.71689194,0.7186537,0.71961653,0.00606052,27.175125,1.000004,0.18802817,0.0,0.16414708,1.7948224e+07,1.7657936e+07,2026-09-22T00:00Z
2026-09-23 18:00:00+00:00,0.030322574,0.1377723,2.237074e+06,cams_direct_forecast,0.25032005,0.24440095,0.23395057,0.225145,0.013530643,0.012992959,0.012158552,0.011527091,0.9459273,0.9468177,0.9480099,0.9487813,0.7135893,0.71491563,0.71654874,0.7174012,0.0060595404,27.489944,1.0000004,0.30324268,0.0,0.16414708,1.8975568e+07,1.9103056e+07,2026-09-22T00:00Z
2026-09-23 19:00:00+00:00,0.023192342,0.11515457,2.406988e+06,cams_direct_forecast,0.25022727,0.2443978,0.23408525,0.22537746,0.013256391,0.012729157,0.011910877,0.0112922415,0.9469978,0.9478915,0.9490928,0.94987166,0.71463215,0.71602094,0.71776813,0.71871537,0.0060629835,27.735336,1.0000019,0.356731,0.0,0.1640895,1.9817664e+07,2.047648e+07,2026-09-22T00:00Z
2026-09-23 20:00:00+00:00,0.020523306,0.07799213,2.570327e+06,cams_direct_forecast,0.26341474,0.2572613,0.24637988,0.23719627,0.013262458,0.012733622,0.011913064,0.011293863,0.9496334,0.9504854,0.9516304,0.952369,0.7165783,0.7179686,0.7197242,0.7206758,0.0060739936,27.895828,0.9994448,0.27974194,0.0,0.16417629,2.106688e+07,2.1933376e+07,2026-09-22T00:00Z
2026-09-23 21:00:00+00:00,0.023121668,0.040990416,2.703164e+06,cams_direct_forecast,0.25201598,0.24588215,0.23508744,0.22602315,0.013131539,0.012606921,0.011792713,0.0111793475,0.9478822,0.94871557,0.9498236,0.9505246,0.7113607,0.71248597,0.7137535,0.71430445,0.0060914713,27.716705,0.9136169,0.09728537,0.0,0.16436541,2.2152928e+07,2.3055968e+07,2026-09-22T00:00Z
2026-09-23 22:00:00+00:00,0.0103710685,0.014671623,2.79172e+06,cams_direct_forecast,0.2316614,0.22588731,0.2157566,0.20728067,0.013012525,0.012493023,0.011686393,0.011079529,0.9437408,0.94460356,0.94574225,0.9464537,0.703157,0.7040236,0.70482105,0.7050104,0.006099196,27.203827,0.94139624,0.050325446,0.0,0.16459715,2.310448e+07,2.3826912e+07,2026-09-22T00:00Z
2026-09-23 23:00:00+00:00,0.001390346,0.0023348369,2.824898e+06,cams_direct_forecast,0.21622977,0.21067847,0.20098478,0.19291447,0.012917667,0.012402704,0.011602776,0.011001031,0.9402135,0.9410823,0.942221,0.9429237,0.6973473,0.69797736,0.6983627,0.69824475,0.0060939365,26.393417,0.98235476,0.057059325,0.0,0.16480058,2.3689904e+07,2.4159088e+07,2026-09-22T00:00Z
2026-09-24 00:00:00+00:00,0.0,0.0,2.829792e+06,cams_direct_forecast,0.20023619,0.19508393,0.18609184,0.17861484,0.012486765,0.011990023,0.011217692,0.010636224,0.93760866,0.9385071,0.93968624,0.94041705,0.6940756,0.69462687,0.694877,0.6946735,0.0060834587,25.300003,0.9999991,0.07456528,0.0,0.16427225,2.3869264e+07,2.4200368e+07,2026-09-22T00:00Z
2026-09-24 01:00:00+00:00,0.0,0.0,2.829792e+06,cams_direct_forecast,0.1742288,0.16964032,0.16166578,0.15506767,0.011470414,0.011016605,0.0103099365,0.009776128,0.9341342,0.9350274,0.93619376,0.9369216,0.68726945,0.6876287,0.68755126,0.68712634,0.00608498,24.267975,0.9502571,0.06261396,0.0,0.16427225,2.3869264e+07,2.4200368e+07,2026-09-22T00:00Z
2026-09-24 02:00:00+00:00,0.0,0.0,2.829792e+06,cams_direct_forecast,0.15748334,0.1533481,0.14617094,0.14024042,0.0103184255,0.009912262,0.009278612,0.008797347,0.93446445,0.9353453,0.9365054,0.9372522,0.6820949,0.68243605,0.68233085,0.6819254,0.0060791336,23.602173,0.38605988,0.02511463,0.0,0.16427225,2.3869264e+07,2.4200368e+07,2026-09-22T00:00Z
2026-09-24 03:00:00+00:00,0.0,0.0,2.829792e+06,cams_direct_forecast,0.15022086,0.14633861,0.13958475,0.13399237,0.009549889,0.0091749625,0.008589331,0.008142493,0.9364127,0.9372873,0.93844754,0.9392129,0.6818608,0.6822841,0.68229836,0.6819953,0.0060629793,23.794739,0.3540936,0.014426444,0.0,0.16427225,2.3869264e+07,2.4200368e+07,2026-09-22T00:00Z
2026-09-24 04:00:00+00:00,0.0,0.0,2.829792e+06,cams_direct_forecast,0.15864015,0.15476331,0.14796233,0.1422797,0.009869691,0.009480131,0.008872389,0.008410473,0.93776685,0.93872577,0.94001764,0.94086903,0.6865775,0.6873055,0.6878345,0.6879159,0.0060437312,24.588287,0.64680874,0.018004924,0.0,0.16427225,2.3869264e+07,2.4200496e+07,2026-09-22T00:00Z
2026-09-24 05:00:00+00:00,0.0,0.0,2.829792e+06,cams_direct_forecast,0.17163561,0.16749963,0.16023198,0.15414704,0.010612888,0.010192102,0.009536276,0.009038424,0.93815994,0.9391455,0.940478,0.9413586,0.6891972,0.68998,0.69062155,0.6907765,0.006041963,24.956253,0.71541876,0.028658204,0.0,0.16427225,2.3869264e+07,2.4200496e+07,2026-09-22T00:00Z
2026-09-24 06:00:00+00:00,0.0,0.0,2.82979e+06,cams_direct_forecast,0.1789599,0.17468518,0.16716789,0.16086291,0.01080014,0.010371866,0.009704631,0.009197113,0.9396496,0.9406249,0.9419456,0.9428254,0.6926881,0.69356257,0.6943647,0.6946453,0.006063937,25.20108,1.0,0.050837237,0.0,0.16427225,2.3869264e+07,2.4200496e+07,2026-09-22T00:00Z
2026-09-24 07:00:00+00:00,0.0,0.0,2.82979e+06,cams_direct_forecast,0.18230343,0.17806423,0.17057133,0.1642589,0.010854191,0.010423601,0.0097528035,0.009242834,0.9404544,0.9414552,0.9428161,0.943723,0.6955876,0.69659626,0.6976143,0.6980586,0.0060932427,25.655853,1.0,0.15055752,0.0,0.16427225,2.3869264e+07,2.4200496e+07,2026-09-22T00:00Z
2026-09-24 08:00:00+00:00,0.0,0.0,2.82979e+06,cams_direct_forecast,0.18611914,0.18188365,0.174366,0.16800572,0.010936193,0.010502078,0.009825742,0.009310904,0.94123626,0.9422558,0.9436444,0.9445757,0.6990659,0.70018315,0.7013747,0.7019474,0.0061025005,25.82666,1.0,0.19161075,0.0,0.16427225,2.3869264e+07,2.4200496e+07,2026-09-22T00:00Z
2026-09-24 09:00:00+00:00,0.0,0.0,2.82979e+06,cams_direct_forecast,0.1808844,0.17671551,0.16931775,0.16306423,0.010843968,0.010413494,0.009743116,0.009228744,0.94004726,0.94106925,0.94245297,0.9434013,0.6979557,0.6989888,0.70001173,0.70043904,0.0061050607,25.693604,0.99780935,0.1556884,0.0,0.16427225,2.3869264e+07,2.4200496e+07,2026-09-22T00:00Z
2026-09-24 10:00:00+00:00,0.0,0.0,2.82979e+06,cams_direct_forecast,0.17625068,0.17218342,0.16496545,0.15886474,0.010594464,0.010173855,0.009519211,0.009013071,0.9398858,0.9409095,0.9422931,0.94326264,0.698569,0.6996047,0.70061964,0.7010373,0.00610138,25.81865,0.99984086,0.13329631,0.0,0.16427225,2.3869264e+07,2.4200496e+07,2026-09-22T00:00Z
2026-09-24 11:00:00+00:00,0.0,0.0,2.82979e+06,cams_direct_forecast,0.17586099,0.17185026,0.16472496,0.15869047,0.010410147,0.0099965,0.009353174,0.008852356,0.94080436,0.94182986,0.9432186,0.9442156,0.7011574,0.70226896,0.70341957,0.70394856,0.0061058905,26.044449,1.0,0.12466079,0.0,0.16422808,2.3869264e+07,2.4200496e+07,2026-09-22T00:00Z
2026-09-24 12:00:00+00:00,0.0010164662,0.0022101772,2.831074e+06,cams_direct_forecast,0.17349578,0.16950858,0.16242966,0.15644126,0.010377953,0.009965421,0.009323879,0.00882013,0.94018316,0.94121015,0.942597,0.9436198,0.7014129,0.7024669,0.70351136,0.7039538,0.0061033685,26.191849,0.9999236,0.12717098,0.0,0.16406816,2.3869264e+07,2.4208544e+07,2026-09-22T00:00Z
2026-09-24 13:00:00+00:00,0.0065774377,0.014437082,2.852618e+06,cams_direct_forecast,0.17109613,0.16720444,0.16027884,0.15440896,0.010359294,0.009947245,0.009306772,0.00879764,0.9394545,0.9405092,0.94193494,0.9430243,0.7017325,0.7027923,0.70383763,0.704278,0.006099092,26.241089,1.0000019,0.13057595,0.0,0.16382217,2.3944752e+07,2.44028e+07,2026-09-22T00:00Z
2026-09-24 14:00:00+00:00,0.020620722,0.04110657,2.913826e+06,cams_direct_forecast,0.16817081,0.1643882,0.15764241,0.15191454,0.010314309,0.009903718,0.009265505,0.008756424,0.9386691,0.93975514,0.94122523,0.9423601,0.7015992,0.70266587,0.70371395,0.7041544,0.0060870564,26.477524,0.9994551,0.112674475,0.0,0.16361964,2.4367456e+07,2.4956016e+07,2026-09-22T00:00Z
2026-09-24 15:00:00+00:00,0.058944784,0.07885119,3.045031e+06,cams_direct_forecast,0.17127463,0.16740505,0.16051409,0.15467142,0.010277867,0.009868432,0.009232207,0.008725975,0.93999106,0.94104946,0.9424829,0.94358313,0.7029758,0.70404047,0.7051051,0.70556504,0.006068983,26.761642,0.7191762,0.04047258,0.0,0.16348869,2.5140368e+07,2.5966592e+07,2026-09-22T00:00Z
2026-09-24 16:00:00+00:00,0.09709714,0.115983866,3.237827e+06,cams_direct_forecast,0.17835632,0.17416576,0.16674921,0.16049775,0.010513553,0.010093465,0.009441138,0.008927749,0.94105464,0.94204813,0.94338214,0.9443762,0.7025864,0.70348877,0.7042818,0.7045195,0.0060552377,27.03357,0.4084707,0.030983437,0.0,0.16353226,2.6612112e+07,2.7576688e+07,2026-09-22T00:00Z
2026-09-24 17:00:00+00:00,0.11059256,0.13743907,3.509443e+06,cams_direct_forecast,0.21463037,0.20956548,0.20062257,0.19309822,0.011092342,0.010647094,0.009956623,0.009418469,0.9482939,0.9491695,0.9503469,0.9512006,0.71150875,0.7125545,0.71366066,0.7141459,0.0060523716,27.44577,0.57897127,0.037188098,0.0,0.16353226,2.8816688e+07,2.981888e+07,2026-09-22T00:00Z
2026-09-24 18:00:00+00:00,0.059687763,0.13632187,3.780022e+06,cams_direct_forecast,0.24946526,0.2436386,0.2333373,0.22465694,0.011752705,0.011278441,0.01054379,0.009979583,0.95288515,0.95370513,0.95480984,0.95557535,0.71788365,0.7190518,0.72040105,0.7210679,0.0060589258,27.57396,1.0000006,0.12781172,0.0,0.16353226,3.0720416e+07,3.2024992e+07,2026-09-22T00:00Z
2026-09-24 19:00:00+00:00,0.037971005,0.11314898,3.99276e+06,cams_direct_forecast,0.26845306,0.2622127,0.25117105,0.24185665,0.012310933,0.011812491,0.011040875,0.010455549,0.9541426,0.9549522,0.9560439,0.9567711,0.7192025,0.7204201,0.7218633,0.7225954,0.006060491,27.367249,1.0000012,0.2174159,3.0517593e-05,0.16348904,3.1787344e+07,3.3819904e+07,2026-09-22T00:00Z
2026-09-24 20:00:00+00:00,0.02660627,0.07664099,4.179201e+06,cams_direct_forecast,0.2862724,0.27974027,0.26814434,0.25833094,0.012923045,0.012398077,0.01158609,0.01097619,0.9548594,0.95568204,0.95679337,0.95751303,0.72093177,0.72223496,0.7238274,0.72466606,0.006055137,26.879654,0.98991805,0.223721,8.985963e-05,0.16357642,3.2993664e+07,3.5352224e+07,2026-09-22T00:00Z
2026-09-24 21:00:00+00:00,0.018225623,0.03973333,4.327498e+06,cams_direct_forecast,0.3076215,0.30055788,0.2880301,0.27743638,0.0135976095,0.013043993,0.012187949,0.011546877,0.95579946,0.956603,0.95768744,0.9583823,0.7225185,0.72381705,0.7254101,0.72623825,0.006052131,26.198471,0.9999926,0.12505403,0.00011529992,0.1637646,3.400643e+07,3.65088e+07,2026-09-22T00:00Z
2026-09-24 22:00:00+00:00,0.0073740184,0.013852824,4.40986e+06,cams_direct_forecast,0.32164133,0.31437522,0.30145925,0.2905132,0.013986233,0.013416563,0.012535535,0.011873497,0.9565083,0.9573156,0.9584097,0.95912194,0.7253406,0.726703,0.7284189,0.7293469,0.006054821,25.003326,0.999597,0.09062965,0.00017802903,0.16401064,3.5171616e+07,3.7375904e+07,2026-09-22T00:00Z
2026-09-24 23:00:00+00:00,0.0016819774,0.0021041692,4.448304e+06,cams_direct_forecast,0.31408936,0.30687153,0.29406327,0.28322667,0.014217657,0.013638792,0.012743303,0.012068172,0.95472276,0.9555446,0.95665425,0.9573803,0.7235019,0.724752,0.726263,0.72701764,0.006050721,23.58368,0.9947237,0.020097136,0.0016106684,0.16419882,3.568443e+07,3.774011e+07,2026-09-22T00:00Z
2026-09-25 00:00:00+00:00,0.0,0.0,4.454135e+06,cams_direct_forecast,0.27665,0.27007958,0.25845248,0.24864711,0.014072135,0.013500343,0.0126151955,0.011944727,0.9491371,0.95001674,0.9511927,0.95196456,0.71603775,0.71700317,0.7179828,0.7182975,0.0060362504,21.858994,1.0000002,0.0059623225,0.00527618,0.16367084,3.5820064e+07,3.778472e+07,2026-09-22T00:00Z
2026-09-25 01:00:00+00:00,0.0,0.0,4.454135e+06,cams_direct_forecast,0.24783836,0.241916,0.23143621,0.22260423,0.013646444,0.013094506,0.01223892,0.011585069,0.94493675,0.94587064,0.9471167,0.94795597,0.7109491,0.71176475,0.712463,0.7125605,0.0060324254,19.916409,1.0,0.00016613389,0.009380668,0.16367084,3.5820064e+07,3.778472e+07,2026-09-22T00:00Z
2026-09-25 02:00:00+00:00,0.0,0.0,4.454135e+06,cams_direct_forecast,0.21157691,0.20639858,0.19726555,0.1896003,0.012668019,0.012162117,0.011375748,0.010763369,0.9401261,0.94107485,0.9423328,0.9432312,0.7067477,0.70741427,0.70783836,0.70774704,0.006032999,17.695488,0.99852985,3.2210737e-05,0.013180044,0.16367084,3.5820064e+07,3.778472e+07,2026-09-22T00:00Z
2026-09-25 03:00:00+00:00,0.0,0.0,4.454135e+06,cams_direct_forecast,0.18252939,0.17805289,0.1701826,0.16360056,0.011577827,0.011125531,0.010419371,0.009852515,0.9365682,0.93751323,0.93877274,0.9397745,0.7056802,0.70642513,0.70699835,0.70710415,0.006039974,15.390193,0.9586358,3.0517593e-05,0.012944209,0.16367084,3.5820064e+07,3.778472e+07,2026-09-22T00:00Z
2026-09-25 04:00:00+00:00,0.0,0.0,4.454135e+06,cams_direct_forecast,0.15934172,0.15536442,0.14840408,0.14261433,0.011004957,0.0105851805,0.009928396,0.009396532,0.93089896,0.9318319,0.9330609,0.9340743,0.69932497,0.70000404,0.70041615,0.7004759,0.006050726,13.225906,0.72118634,0.0,0.003927975,0.16367084,3.5820064e+07,3.778472e+07,2026-09-22T00:00Z
2026-09-25 05:00:00+00:00,0.0,0.0,4.454135e+06,cams_direct_forecast,0.14694715,0.14328572,0.13689074,0.13158184,0.010769688,0.010366107,0.0097342245,0.00922254,0.92668253,0.92762643,0.92886186,0.9298811,0.6947842,0.69544053,0.69575226,0.69580716,0.0060580736,11.407412,0.5867064,0.0,0.001017207,0.16367084,3.582211e+07,3.778472e+07,2026-09-22T00:00Z
2026-09-25 06:00:00+00:00,0.0,0.0,4.454135e+06,cams_direct_forecast,0.1436163,0.14011937,0.13399439,0.12890182,0.010591517,0.0101998225,0.009585498,0.009075423,0.9262501,0.92720467,0.9284624,0.92959344,0.69709176,0.69788843,0.69837743,0.6986417,0.006064815,10.2570505,0.6863557,0.0,0.0013495947,0.16367084,3.582211e+07,3.778472e+07,2026-09-22T00:00Z
2026-09-25 07:00:00+00:00,0.0,0.0,4.454135e+06,cams_direct_forecast,0.13992952,0.1365063,0.13051641,0.12554286,0.010667797,0.0102761565,0.009660896,0.009132332,0.92376345,0.9247195,0.92597806,0.9272563,0.69549596,0.696237,0.6965359,0.696718,0.006070255,9.739094,0.80201906,2.8824448e-05,0.0024042744,0.16367084,3.582211e+07,3.778472e+07,2026-09-22T00:00Z
2026-09-25 08:00:00+00:00,0.0,0.0,4.454135e+06,cams_direct_forecast,0.14286068,0.13939004,0.13331321,0.12826417,0.0109400535,0.010538987,0.009908648,0.009361294,0.9234241,0.9243944,0.925675,0.92701715,0.69621015,0.69694936,0.6971729,0.6973408,0.006070079,9.562504,0.8964351,2.8824448e-05,0.0063106157,0.16367084,3.582211e+07,3.778472e+07,2026-09-22T00:00Z
2026-09-25 09:00:00+00:00,0.0,0.0,4.454135e+06,cams_direct_forecast,0.14456955,0.14108531,0.13496964,0.12988743,0.011112784,0.01070578,0.010065272,0.009500027,0.9231329,0.9241182,0.9254259,0.92686003,0.697199,0.6979368,0.6980883,0.6982458,0.0060659437,9.402594,0.8746492,5.7648867e-05,0.008619681,0.16367084,3.582211e+07,3.778472e+07,2026-09-22T00:00Z
2026-09-25 10:00:00+00:00,0.0,0.0,4.454135e+06,cams_direct_forecast,0.14151978,0.13806416,0.13201284,0.12699625,0.0110417595,0.010637662,0.010002567,0.009446178,0.92197716,0.9229514,0.92423034,0.925618,0.69541323,0.69604,0.69592136,0.695918,0.0060667507,9.155803,0.82350224,0.0,0.008558638,0.16367084,3.582211e+07,3.778472e+07,2026-09-22T00:00Z
2026-09-25 11:00:00+00:00,0.0,0.0,4.454135e+06,cams_direct_forecast,0.1426207,0.13914411,0.13305403,0.12800987,0.010914492,0.010515156,0.0098866485,0.009333018,0.92347115,0.92442936,0.92569417,0.9270908,0.6968376,0.69747555,0.69735706,0.6973786,0.006080648,8.811885,0.7756739,0.0,0.005710099,0.16362822,3.582211e+07,3.778472e+07,2026-09-22T00:00Z
2026-09-25 12:00:00+00:00,0.0020956409,0.0021032186,4.456183e+06,cams_direct_forecast,0.14185819,0.13834406,0.13220192,0.12712312,0.010884125,0.010484871,0.009858149,0.009319458,0.92327464,0.9242116,0.925432,0.92669,0.69497615,0.6955104,0.6951959,0.69506407,0.006091715,8.52424,0.33691603,0.0,0.0010782351,0.1634674,3.5952736e+07,3.780315e+07,2026-09-22T00:00Z
2026-09-25 13:00:00+00:00,0.014177031,0.014177039,4.496645e+06,cams_direct_forecast,0.13787735,0.13437775,0.12828201,0.12325795,0.010841187,0.010442195,0.0098172305,0.009299644,0.92137223,0.9222938,0.9234719,0.92455244,0.69069886,0.6910517,0.69040465,0.69001573,0.006097956,8.300263,7.288843e-05,0.0,0.0,0.16322136,3.747371e+07,3.8233344e+07,2026-09-22T00:00Z
2026-09-25 14:00:00+00:00,0.04043395,0.040435947,4.608318e+06,cams_direct_forecast,0.13518359,0.1317341,0.12573433,0.12079343,0.010848921,0.010449147,0.009822795,0.00930681,0.91974705,0.92068106,0.9218769,0.9229543,0.68782043,0.6880866,0.68729126,0.68680125,0.0061040036,8.142061,0.018813642,0.0,0.0,0.16301787,4.028288e+07,3.9392624e+07,2026-09-22T00:00Z
2026-09-25 15:00:00+00:00,0.077278055,0.07727848,4.794529e+06,cams_direct_forecast,0.13437319,0.13091144,0.12489845,0.119958,0.010869791,0.010468916,0.009840645,0.009326804,0.91910803,0.9200313,0.9212113,0.92225003,0.6854988,0.6856821,0.6847515,0.684163,0.0061135483,8.060535,0.0059831142,0.0,0.0,0.16288728,4.346912e+07,4.121147e+07,2026-09-22T00:00Z
2026-09-25 16:00:00+00:00,0.113277294,0.11327794,5.043219e+06,cams_direct_forecast,0.13571075,0.13215685,0.12599877,0.12094983,0.01098863,0.010582545,0.009946187,0.00943324,0.91903037,0.9199257,0.9210623,0.9220089,0.68400353,0.68408173,0.68298155,0.6822599,0.006125096,8.118866,0.005718112,0.0,0.0,0.16291744,4.684376e+07,4.355872e+07,2026-09-22T00:00Z
2026-09-25 17:00:00+00:00,0.13533226,0.13533226,5.333651e+06,cams_direct_forecast,0.13824278,0.13456494,0.12820473,0.12300287,0.011121979,0.010710429,0.010065518,0.009550424,0.919549,0.9204094,0.92149115,0.92235774,0.684398,0.68440115,0.68318,0.6823587,0.0061329305,8.264185,0.0,0.0,0.0,0.16293144,5.0312624e+07,4.6252176e+07,2026-09-22T00:00Z
2026-09-25 18:00:00+00:00,0.13517684,0.13517684,5.640993e+06,cams_direct_forecast,0.13990952,0.13613558,0.12962055,0.124301195,0.011228658,0.010812904,0.010161554,0.0096427,0.91974527,0.9205747,0.92160755,0.92242676,0.68423676,0.6841535,0.6827826,0.68185073,0.0061349394,8.412432,0.0,0.0,0.0,0.16293144,5.381789e+07,4.9082736e+07,2026-09-22T00:00Z
2026-09-25 19:00:00+00:00,0.112723306,0.112723306,5.938593e+06,cams_direct_forecast,0.14198244,0.13811542,0.13144498,0.12600593,0.011274684,0.010857285,0.010203494,0.0096827485,0.9205926,0.9213908,0.9223758,0.92315733,0.6855485,0.68543583,0.6840055,0.6830292,0.006133977,8.521063,1.6933263e-06,0.0,0.0,0.16287297,5.731952e+07,5.1833424e+07,2026-09-22T00:00Z
2026-09-25 20:00:00+00:00,0.07644143,0.07644148,6.200623e+06,cams_direct_forecast,0.1448791,0.1409105,0.13407046,0.12849374,0.01135327,0.010932652,0.010273989,0.009749585,0.9216381,0.92241555,0.92337006,0.9241251,0.6867946,0.6866759,0.68523425,0.6842435,0.00613675,8.618918,5.079979e-06,0.0,0.0,0.16297466,6.074765e+07,5.42892e+07,2026-09-22T00:00Z
2026-09-25 21:00:00+00:00,0.039746143,0.039746482,6.40447e+06,cams_direct_forecast,0.14171393,0.13777079,0.1309911,0.12548068,0.011254506,0.010838363,0.010186177,0.009665642,0.92057645,0.9213244,0.9222311,0.9229642,0.6848567,0.68465215,0.6830492,0.6819612,0.006140155,8.650826,0.001269981,0.0,0.0,0.16316283,6.4022624e+07,5.625517e+07,2026-09-22T00:00Z
2026-09-25 22:00:00+00:00,0.013794962,0.013795608,6.535314e+06,cams_direct_forecast,0.14224888,0.1382881,0.13147944,0.1259452,0.011215554,0.010799952,0.010148947,0.009631017,0.92114633,0.9218933,0.9228005,0.92352104,0.68429756,0.6840938,0.6824927,0.68140423,0.0061418056,8.603692,0.008351255,0.0,0.0,0.16340983,6.698973e+07,5.758808e+07,2026-09-22T00:00Z
2026-09-25 23:00:00+00:00,0.0019906487,0.0019908638,6.591663e+06,cams_direct_forecast,0.13825221,0.13439286,0.12776336,0.12237735,0.01103702,0.010627951,0.009987034,0.009478308,0.9201582,0.92091,0.92182267,0.92253923,0.6828555,0.6826215,0.68094635,0.6798228,0.00613695,8.4322815,0.009817593,0.0,0.0,0.163598,6.92257e+07,5.820829e+07,2026-09-22T00:00Z
2026-09-26 00:00:00+00:00,0.0,0.0,6.59856e+06,cams_direct_forecast,0.13374779,0.13002203,0.123618595,0.11841861,0.010811539,0.010410666,0.009782421,0.009285399,0.9191508,0.91991776,0.9208521,0.9215744,0.6813483,0.68109226,0.6793494,0.67820686,0.0061272476,8.141481,0.009296628,0.0,3.3866381e-06,0.16305572,7.00499e+07,5.827576e+07,2026-09-22T00:00Z
2026-09-26 01:00:00+00:00,0.0,0.0,6.59856e+06,cams_direct_forecast,0.13059942,0.12697446,0.12074281,0.11567976,0.010662312,0.0102658495,0.00964478,0.009156227,0.9183509,0.91914254,0.9201137,0.920841,0.67967,0.6793834,0.6775674,0.676391,0.006124909,7.923023,0.010513422,0.0,0.0,0.16305572,7.00499e+07,5.827576e+07,2026-09-22T00:00Z
2026-09-26 02:00:00+00:00,0.0,0.0,6.59856e+06,cams_direct_forecast,0.13094145,0.12732866,0.12110948,0.116050385,0.010737198,0.01033598,0.009707795,0.009214875,0.91799265,0.91881704,0.91983545,0.9205886,0.6796812,0.67938334,0.6775526,0.6763545,0.006113596,7.7992144,0.0,0.0,1.6933191e-06,0.16307002,7.00499e+07,5.827576e+07,2026-09-22T00:00Z
2026-09-26 03:00:00+00:00,0.0,0.0,6.59856e+06,cams_direct_forecast,0.13313574,0.12948202,0.12318071,0.11804554,0.010965959,0.010554143,0.009909961,0.009405117,0.9176326,0.91848826,0.9195486,0.9203249,0.68118984,0.6808925,0.6790743,0.67785627,0.0061031627,7.6625385,0.0,0.0,0.0,0.16305572,7.00499e+07,5.827576e+07,2026-09-22T00:00Z
2026-09-26 04:00:00+00:00,0.0,0.0,6.59856e+06,cams_direct_forecast,0.13751897,0.1337972,0.12735763,0.122093275,0.011436798,0.011005153,0.010330798,0.009802886,0.91683847,0.9177503,0.9188872,0.91971344,0.6830748,0.68281496,0.6810803,0.6798811,0.0060959505,7.580779,0.0019024014,0.0,2.8824434e-05,0.16305572,7.00499e+07,5.827576e+07,2026-09-22T00:00Z
2026-09-26 05:00:00+00:00,0.0,0.0,6.59856e+06,cams_direct_forecast,0.14461981,0.1407073,0.13393927,0.12840106,0.011974428,0.011521677,0.01081481,0.010263686,0.9172045,0.9181199,0.9192595,0.9200684,0.684706,0.6845012,0.682892,0.6817468,0.006081468,7.6668043,0.02223558,0.0,6.1035156e-05,0.16305572,7.00499e+07,5.827576e+07,2026-09-22T00:00Z
2026-09-26 06:00:00+00:00,0.0,0.0,6.59856e+06,cams_direct_forecast,0.15357427,0.14942412,0.14224912,0.13637595,0.012515017,0.012041422,0.011302623,0.010728857,0.9185104,0.9194161,0.92054504,0.9213305,0.68555176,0.6854174,0.6839607,0.682899,0.0060608014,7.905916,0.036587097,0.0,6.4421445e-05,0.16305572,7.00499e+07,5.827576e+07,2026-09-22T00:00Z
2026-09-26 07:00:00+00:00,0.0,0.0,6.59856e+06,cams_direct_forecast,0.16418126,0.1597961,0.15220167,0.14597546,0.012880437,0.012392821,0.011632333,0.011042354,0.9215478,0.9224468,0.9235743,0.92435485,0.68851787,0.6885332,0.6873605,0.6864803,0.006043795,8.209792,0.038342405,0.0,6.611459e-05,0.16305572,7.00499e+07,5.827576e+07,2026-09-22T00:00Z
2026-09-26 08:00:00+00:00,0.0,0.0,6.59856e+06,cams_direct_forecast,0.16774769,0.16326866,0.15551758,0.14916167,0.012812413,0.0123281665,0.011573206,0.010986241,0.9236176,0.92448765,0.9255792,0.9263432,0.6895596,0.6896564,0.6886395,0.68787014,0.006040705,8.516904,0.0019783722,0.0,3.3866381e-06,0.16305572,7.00499e+07,5.827576e+07,2026-09-22T00:00Z
2026-09-26 09:00:00+00:00,0.0,0.0,6.59856e+06,cams_direct_forecast,0.16543238,0.161087,0.15354863,0.14735264,0.012413164,0.011945437,0.011215908,0.010645857,0.92495674,0.9258363,0.92694825,0.92774534,0.6915352,0.691762,0.69095516,0.69035083,0.0060442537,8.756003,0.009285141,0.0,0.0,0.16305572,7.00499e+07,5.827576e+07,2026-09-22T00:00Z
2026-09-26 10:00:00+00:00,0.0,0.0,6.59856e+06,cams_direct_forecast,0.15421414,0.15021151,0.14325759,0.13753422,0.011598505,0.011164637,0.010487137,0.009952723,0.924756,0.9256413,0.9267635,0.9276043,0.69136095,0.69165206,0.6909065,0.6903968,0.0060499283,8.773736,0.02933754,0.0,0.0,0.16305602,7.00499e+07,5.827576e+07,2026-09-22T00:00Z
2026-09-26 11:00:00+00:00,0.0,0.0,6.59856e+06,cams_direct_forecast,0.1422951,0.1386439,0.13229074,0.12706114,0.010711155,0.010314007,0.009693045,0.009197409,0.9246875,0.9255707,0.9266937,0.9275804,0.6911171,0.6914669,0.690766,0.6903547,0.0060542957,8.606388,0.00022690573,0.0,0.0,0.16302675,7.00499e+07,5.827576e+07,2026-09-22T00:00Z
2026-09-26 12:00:00+00:00,0.002011266,0.002011266,6.600352e+06,cams_direct_forecast,0.13197227,0.12859696,0.12271771,0.117882796,0.010044661,0.009674775,0.009095857,0.008629843,0.92385435,0.9247328,0.9258477,0.9267614,0.6897004,0.69003934,0.689268,0.68885493,0.0060479296,8.4112015,0.0,0.0,0.0,0.16286689,7.040557e+07,5.8292256e+07,2026-09-22T00:00Z
2026-09-26 13:00:00+00:00,0.014004558,0.014004558,6.640047e+06,cams_direct_forecast,0.12201472,0.11888149,0.113430634,0.108955435,0.009524776,0.009175852,0.008629305,0.008187002,0.92192566,0.92280316,0.9239134,0.9248481,0.68610233,0.68635684,0.6853858,0.6848739,0.0060468838,8.18132,0.0,0.0,0.0,0.16262084,7.222806e+07,5.87344e+07,2026-09-22T00:00Z
2026-09-26 14:00:00+00:00,0.040438857,0.040438857,6.750411e+06,cams_direct_forecast,0.11550818,0.11256547,0.10744068,0.10323102,0.009113835,0.008781365,0.008260165,0.007837131,0.92109424,0.92198473,0.92311543,0.9240798,0.6835904,0.6838119,0.6827321,0.6821841,0.0060456456,7.9260864,0.0,0.0,0.0,0.16241741,7.499264e+07,5.9873536e+07,2026-09-22T00:00Z
2026-09-26 15:00:00+00:00,0.07789743,0.07789743,6.935314e+06,cams_direct_forecast,0.10792632,0.10513014,0.1002771,0.09630118,0.008734713,0.008417734,0.007920448,0.0075152596,0.91905564,0.91991913,0.9210034,0.9219499,0.67891663,0.67896724,0.67751473,0.67674696,0.006041582,7.74813,0.0,0.0,0.0,0.16228646,7.815498e+07,6.1676224e+07,2026-09-22T00:00Z
2026-09-26 16:00:00+00:00,0.11452991,0.11452991,7.183463e+06,cams_direct_forecast,0.10954429,0.10669806,0.10176076,0.09771643,0.008642595,0.008328494,0.007835843,0.00743531,0.9210932,0.9219335,0.9229879,0.92390096,0.6798091,0.6798536,0.67841065,0.6776326,0.0060431818,7.806013,0.0,0.0,0.0,0.16230232,8.152211e+07,6.4007536e+07,2026-09-22T00:00Z
2026-09-26 17:00:00+00:00,0.13674267,0.13674267,7.473113e+06,cams_direct_forecast,0.11301954,0.11001833,0.10482586,0.100586824,0.008692614,0.008375564,0.00787856,0.007475774,0.92307866,0.9238633,0.9248345,0.9256706,0.68067425,0.6806497,0.6791386,0.6782673,0.006051254,8.098417,0.0,0.0,0.0,0.16233063,8.49912e+07,6.668291e+07,2026-09-22T00:00Z
2026-09-26 18:00:00+00:00,0.13634486,0.13634486,7.7799e+06,cams_direct_forecast,0.11585776,0.112715565,0.10729382,0.10287853,0.008787116,0.008465257,0.007960991,0.0075548748,0.92414623,0.92488766,0.9257929,0.9265558,0.68038726,0.6802687,0.67863756,0.677644,0.006054053,8.4703455,0.0,0.0,0.0,0.16233063,8.849693e+07,6.949731e+07,2026-09-22T00:00Z
2026-09-26 19:00:00+00:00,0.11342175,0.11342175,8.076434e+06,cams_direct_forecast,0.12104903,0.117734134,0.112024486,0.10737725,0.008951555,0.008621809,0.008105543,0.007693588,0.9260478,0.9267671,0.9276427,0.928348,0.68111145,0.6809657,0.6793376,0.6783037,0.0060506873,8.790686,0.0,0.0,0.0,0.16227216,9.199422e+07,7.22257e+07,2026-09-22T00:00Z
2026-09-26 20:00:00+00:00,0.0766841,0.0766841,8.336615e+06,cams_direct_forecast,0.12690093,0.123349264,0.117253415,0.112304315,0.009108727,0.008770585,0.008241858,0.007826642,0.92822,0.9288944,0.92970675,0.9303064,0.6806246,0.6804023,0.6787134,0.6775781,0.00604519,9.122475,0.0,0.0,0.0,0.16237384,9.542122e+07,7.465486e+07,2026-09-22T00:00Z
2026-09-26 21:00:00+00:00,0.03966108,0.03966108,8.538371e+06,cams_direct_forecast,0.13007694,0.12643892,0.120191686,0.1151161,0.009241101,0.008895932,0.0083565265,0.007935304,0.9289566,0.9296423,0.93047315,0.9310668,0.6813961,0.6811823,0.67955786,0.6784267,0.0060346616,9.344108,0.0,0.0,0.0,0.16257727,9.86839e+07,7.65925e+07,2026-09-22T00:00Z
2026-09-26 22:00:00+00:00,0.013568491,0.013568491,8.667395e+06,cams_direct_forecast,0.13261811,0.12889336,0.12250242,0.11731186,0.009219293,0.00887404,0.008334576,0.007913549,0.9304813,0.93115085,0.9319627,0.93254143,0.68225396,0.682062,0.6805143,0.679415,0.006023945,9.336963,0.0,0.0,0.0,0.16280901,1.0162234e+08,7.789866e+07,2026-09-22T00:00Z
2026-09-26 23:00:00+00:00,0.0018527634,0.0018527634,8.721696e+06,cams_direct_forecast,0.1319826,0.12824693,0.121849,0.116660014,0.009070505,0.008730948,0.008200323,0.0077853566,0.93127257,0.9319182,0.9326982,0.933262,0.68131727,0.6810895,0.6794906,0.678359,0.0060086693,9.061896,0.0,0.0,0.0,0.16299814,1.0385534e+08,7.850054e+07,2026-09-22T00:00Z
2026-09-27 00:00:00+00:00,0.0,0.0,8.72784e+06,cams_direct_forecast,0.13175306,0.12802617,0.121643364,0.116468236,0.008932949,0.008598855,0.008076534,0.00766752,0.932192,0.93282807,0.9335978,0.93415993,0.6820169,0.68182236,0.68028396,0.6792037,0.0059914836,8.818467,0.0,0.0,0.0,0.1624549,1.0465974e+08,7.856198e+07,2026-09-22T00:00Z
