model,variable,lead_days,n,mae,rmse,bias,correlation,verification_source,inverse_mae,normalized_weight,live_use
ecmwf_ifs,cloud_cover,0,24024,22.95292207792208,38.64472422323273,9.735889110889111,0.6311921078437723,openmeteo_historical_forecast_best_match,0.04356743758398755,0.00011239824988527742,diagnostic-only (no runtime consumer as of v4)
ecmwf_ifs,cloud_cover,1,8473,25.099964593414374,40.752858402289284,8.45107990086156,0.5720508676762843,openmeteo_historical_forecast_best_match,0.039840693650315985,0.25636083445777474,diagnostic-only (no runtime consumer as of v4)
ecmwf_ifs,cloud_cover,2,8425,26.68284866468843,42.581358677535476,9.153353115727002,0.5327497693483388,openmeteo_historical_forecast_best_match,0.03747725786577581,0.3429972929362685,diagnostic-only (no runtime consumer as of v4)
ecmwf_ifs,cloud_cover,3,8377,27.732243046436672,43.87853022636823,9.617166049898533,0.5048127900268736,openmeteo_historical_forecast_best_match,0.03605910990775376,0.34564462267889445,diagnostic-only (no runtime consumer as of v4)
ecmwf_ifs,cloud_cover,4,7813,28.916037373608088,44.33911792906757,9.77767822859337,0.47830659536128545,openmeteo_historical_forecast_best_match,0.03458288516782415,0.34905259316826026,diagnostic-only (no runtime consumer as of v4)
ecmwf_ifs,cloud_cover,5,8256,31.45106589147287,46.88215578455999,8.306443798449612,0.40871551319911625,openmeteo_historical_forecast_best_match,0.031795424786258956,0.34337517478744506,diagnostic-only (no runtime consumer as of v4)
ecmwf_ifs,cloud_cover,6,7765,34.164842240824214,49.060990729222986,8.975144880875725,0.3368663792355939,openmeteo_historical_forecast_best_match,0.029269855629688264,0.33538340381798537,diagnostic-only (no runtime consumer as of v4)
ecmwf_ifs,cloud_cover,7,7741,35.45291306032812,50.52558152383723,8.024157085647849,0.29646718761459373,openmeteo_historical_forecast_best_match,0.02820642688228071,0.33787364806266557,diagnostic-only (no runtime consumer as of v4)
ecmwf_ifs,precipitation,0,24024,0.1730144855144855,2.0220923303863727,0.011717449217449214,0.134376387121259,openmeteo_historical_forecast_best_match,5.779862865391555,5.779762744783096e-06,diagnostic-only (no runtime consumer as of v4)
ecmwf_ifs,precipitation,1,8352,0.24106800766283526,2.794713982720008,-0.006178160919540226,0.04310670208887031,openmeteo_historical_forecast_best_match,4.148207013012814,0.21766983934905712,diagnostic-only (no runtime consumer as of v4)
ecmwf_ifs,precipitation,2,8065,0.23476751394916304,2.7973005320458517,-0.01716057036577805,0.05768388769802525,openmeteo_historical_forecast_best_match,4.259533115031161,0.29830590799818546,diagnostic-only (no runtime consumer as of v4)
ecmwf_ifs,precipitation,3,7627,0.25476596302609156,2.872626855876138,0.0049429657794676715,0.047203282431758316,openmeteo_historical_forecast_best_match,3.9251711183160922,0.284743410617178,diagnostic-only (no runtime consumer as of v4)
ecmwf_ifs,precipitation,4,8280,0.23167874396135268,2.721050743694144,-0.021727053140096615,0.12461603026862392,openmeteo_historical_forecast_best_match,4.316321743210134,0.31227156256335287,diagnostic-only (no runtime consumer as of v4)
ecmwf_ifs,precipitation,5,8256,0.24376211240310078,2.7577992380876637,-0.022541182170542646,0.06141169126786418,openmeteo_historical_forecast_best_match,4.102360248447205,0.26761176989050145,diagnostic-only (no runtime consumer as of v4)
ecmwf_ifs,precipitation,6,7969,0.2502948927092483,2.798148465500994,-0.027908144058225615,0.033024664950563644,openmeteo_historical_forecast_best_match,3.9952872756442397,0.25197641419128053,diagnostic-only (no runtime consumer as of v4)
ecmwf_ifs,precipitation,7,8208,0.25146198830409355,2.7673689484212542,-0.026340155945419105,0.03118089317770517,openmeteo_historical_forecast_best_match,3.976744186046512,0.2505079384093791,diagnostic-only (no runtime consumer as of v4)
ecmwf_ifs,shortwave_radiation,0,24024,37.14152514152514,83.4108768424381,-9.45845820845821,0.9526975138703705,openmeteo_historical_forecast_best_match,0.02692404246162674,0.00011427461329599629,diagnostic-only (no runtime consumer as of v4)
ecmwf_ifs,shortwave_radiation,1,8352,41.035919540229884,94.45998717046922,-7.769157088122605,0.9352651451879437,openmeteo_historical_forecast_best_match,0.02436889464654599,0.33578334276315713,diagnostic-only (no runtime consumer as of v4)
ecmwf_ifs,shortwave_radiation,2,8328,42.12536023054755,96.61003591441836,-6.46926032660903,0.9321747196036024,openmeteo_historical_forecast_best_match,0.023738669403112707,0.5316483921260182,diagnostic-only (no runtime consumer as of v4)
ecmwf_ifs,shortwave_radiation,3,7627,44.720860102268254,102.06131039263228,-10.77487872033565,0.9235007717830586,openmeteo_historical_forecast_best_match,0.02236092950165061,0.534463157897041,diagnostic-only (no runtime consumer as of v4)
ecmwf_ifs,shortwave_radiation,4,8280,49.72584541062802,106.07568963889489,-8.418357487922705,0.9177545065183721,openmeteo_historical_forecast_best_match,0.020110266436742526,0.5279627592390345,diagnostic-only (no runtime consumer as of v4)
ecmwf_ifs,shortwave_radiation,5,7993,51.51382459652196,110.78703013119193,-7.957462779932441,0.9086315629798076,openmeteo_historical_forecast_best_match,0.019412264723740132,0.5423188515932389,diagnostic-only (no runtime consumer as of v4)
ecmwf_ifs,shortwave_radiation,6,7477,58.4401497926976,123.85675835230495,-15.414069814096562,0.8854063559394777,openmeteo_historical_forecast_best_match,0.017111523559526453,0.5157535827368074,diagnostic-only (no runtime consumer as of v4)
ecmwf_ifs,shortwave_radiation,7,7933,59.0504222866507,120.96356128585278,-11.263960670616413,0.8902711283290377,openmeteo_historical_forecast_best_match,0.016934679910427432,0.5382945574415767,diagnostic-only (no runtime consumer as of v4)
ecmwf_ifs,diffuse_radiation,0,24024,28.23160173160173,62.71513688846095,-13.421578421578422,0.8500165510916116,openmeteo_historical_forecast_best_match,0.035421298780955304,0.00017242709755862652,diagnostic-only (no runtime consumer as of v4)
ecmwf_ifs,diffuse_radiation,1,8352,29.19647988505747,64.31333718629685,-13.180675287356323,0.8475055128502588,openmeteo_historical_forecast_best_match,0.03425070432931855,0.3690005575367732,diagnostic-only (no runtime consumer as of v4)
ecmwf_ifs,diffuse_radiation,2,7675,31.642475570032573,71.98811881702655,-10.7171335504886,0.7844495111066572,openmeteo_historical_forecast_best_match,0.03160308989689363,0.5353666748870627,diagnostic-only (no runtime consumer as of v4)
ecmwf_ifs,diffuse_radiation,3,7627,33.175036056116426,74.80623981422652,-14.150255670643766,0.767944522815559,openmeteo_historical_forecast_best_match,0.03014314734454167,0.5281519178790063,diagnostic-only (no runtime consumer as of v4)
ecmwf_ifs,diffuse_radiation,4,8280,31.407729468599033,68.51407521389645,-13.566183574879227,0.824836759436064,openmeteo_historical_forecast_best_match,0.03183929615159812,0.5482538478022398,diagnostic-only (no runtime consumer as of v4)
ecmwf_ifs,diffuse_radiation,5,7531,31.69340061080866,69.01635172337895,-13.519984065861108,0.8113809621131063,openmeteo_historical_forecast_best_match,0.03155230996761395,0.5417051139487645,diagnostic-only (no runtime consumer as of v4)
ecmwf_ifs,diffuse_radiation,6,7477,34.463153671258524,76.22693973993591,-15.471044536578841,0.7603681611875491,openmeteo_historical_forecast_best_match,0.02901649714181488,0.5205725484258297,diagnostic-only (no runtime consumer as of v4)
ecmwf_ifs,diffuse_radiation,7,7933,33.939997478885665,72.8923614447343,-14.614395562838775,0.7918444424061656,openmeteo_historical_forecast_best_match,0.029463761764334476,0.5321520568182454,diagnostic-only (no runtime consumer as of v4)
ecmwf_ifs,direct_normal_irradiance,0,24024,73.88026140526141,156.56249805068518,11.200940725940727,0.863168523281192,openmeteo_historical_forecast_best_match,0.013535415021268248,1.909868378346828e-05,diagnostic-only (no runtime consumer as of v4)
ecmwf_ifs,direct_normal_irradiance,1,8352,84.68942768199234,178.63075930337632,11.671539750957853,0.814095277861141,openmeteo_historical_forecast_best_match,0.011807849307412804,0.3350622065349454,diagnostic-only (no runtime consumer as of v4)
ecmwf_ifs,direct_normal_irradiance,2,7675,91.65920521172637,190.3635872511864,7.126071661237786,0.7870857945193501,openmeteo_historical_forecast_best_match,0.010909978956178703,0.5225139970715308,diagnostic-only (no runtime consumer as of v4)
ecmwf_ifs,direct_normal_irradiance,3,7890,95.94623574144487,197.42006377066693,8.06679340937896,0.7720912183475821,openmeteo_historical_forecast_best_match,0.010422503731097819,0.5257267547989243,diagnostic-only (no runtime consumer as of v4)
ecmwf_ifs,direct_normal_irradiance,4,8280,111.51740338164251,214.13606955912843,16.299166666666668,0.7269075383927768,openmeteo_historical_forecast_best_match,0.008967210226171887,0.5004462118941232,diagnostic-only (no runtime consumer as of v4)
ecmwf_ifs,direct_normal_irradiance,5,7531,118.00503253220026,224.80396999380764,18.257747975036516,0.7017280667748884,openmeteo_historical_forecast_best_match,0.00847421485797335,0.5227432568973243,diagnostic-only (no runtime consumer as of v4)
ecmwf_ifs,direct_normal_irradiance,6,7740,131.3733204134367,241.76188130994092,16.521485788113694,0.6478181582650271,openmeteo_historical_forecast_best_match,0.00761189560295015,0.5118679254562278,diagnostic-only (no runtime consumer as of v4)
ecmwf_ifs,direct_normal_irradiance,7,7933,142.10235724190093,258.67118463357644,21.157897390646667,0.5965653643802127,openmeteo_historical_forecast_best_match,0.0070371809406208465,0.5107594404499666,diagnostic-only (no runtime consumer as of v4)
ncep_gfs_global,cloud_cover,0,24024,24.749958374958375,41.65452387165599,9.205919080919081,0.5812885147406504,openmeteo_historical_forecast_best_match,0.04040410835647241,0.00010423727717949851,diagnostic-only (no runtime consumer as of v4)
ncep_gfs_global,cloud_cover,1,23244,27.04065565307176,44.264963363665466,11.366417139907073,0.5341097585089233,openmeteo_historical_forecast_best_match,0.0369813518144632,0.23796197660974044,diagnostic-only (no runtime consumer as of v4)
ncep_gfs_global,cloud_cover,2,23220,29.095176571920756,46.424211435493525,12.873987941429801,0.48836735097667144,openmeteo_historical_forecast_best_match,0.03436995811068844,0.31455883545483726,diagnostic-only (no runtime consumer as of v4)
ncep_gfs_global,cloud_cover,3,23167,30.540294384253464,47.83874990155991,13.311304873311176,0.45251493348371485,openmeteo_historical_forecast_best_match,0.03274362674498641,0.31386405655497773,diagnostic-only (no runtime consumer as of v4)
ncep_gfs_global,cloud_cover,4,23172,31.981960987398583,49.365769507152585,14.675038839979285,0.42189831227971436,openmeteo_historical_forecast_best_match,0.03126762615944708,0.31559096183580254,diagnostic-only (no runtime consumer as of v4)
ncep_gfs_global,cloud_cover,5,23119,34.589861153164065,50.06411607801493,14.291751373329296,0.35788041492748335,openmeteo_historical_forecast_best_match,0.02891020566899634,0.3122162069375082,diagnostic-only (no runtime consumer as of v4)
ncep_gfs_global,cloud_cover,6,23124,35.83886870783601,50.748364221901326,13.688981145130601,0.32317575163866885,openmeteo_historical_forecast_best_match,0.0279026664639488,0.31971771137761384,diagnostic-only (no runtime consumer as of v4)
ncep_gfs_global,cloud_cover,7,23071,38.16696285379914,52.94054507971267,13.93619695721902,0.25846291907642427,openmeteo_historical_forecast_best_match,0.026200670035773095,0.31384747893161824,diagnostic-only (no runtime consumer as of v4)
ncep_gfs_global,precipitation,0,24024,0.17162420912420914,2.0374800428654325,0.005082417582417586,0.10791035005356159,openmeteo_historical_forecast_best_match,5.82668380587422,5.8265828742186545e-06,diagnostic-only (no runtime consumer as of v4)
ncep_gfs_global,precipitation,1,23244,0.19694114610221997,2.134259211457197,0.02058595766649458,0.05844171752334716,openmeteo_historical_forecast_best_match,5.0776590864407884,0.2664411959547093,diagnostic-only (no runtime consumer as of v4)
ncep_gfs_global,precipitation,2,23220,0.2001937984496124,2.1252358636898454,0.013165374677002592,0.03758196833120605,openmeteo_historical_forecast_best_match,4.995159728944821,0.3498237056264684,diagnostic-only (no runtime consumer as of v4)
ncep_gfs_global,precipitation,3,23196,0.21042421107087428,2.108845174577715,0.02128815312984998,0.08101967319100813,openmeteo_historical_forecast_best_match,4.752304855562385,0.34474611477471834,diagnostic-only (no runtime consumer as of v4)
ncep_gfs_global,precipitation,4,23172,0.21964008285862247,2.1265029818493693,0.024464871396513026,0.029502763503884148,openmeteo_historical_forecast_best_match,4.552903035661656,0.32938743442422813,diagnostic-only (no runtime consumer as of v4)
ncep_gfs_global,precipitation,5,23148,0.16355624675997923,2.0727039361786055,-0.04364091930188353,0.04141530136466931,openmeteo_historical_forecast_best_match,6.1141045958795575,0.3988451167393946,diagnostic-only (no runtime consumer as of v4)
ncep_gfs_global,precipitation,6,23124,0.1461338868707836,2.0652085827408824,-0.06393357550596783,0.010579968031521569,openmeteo_historical_forecast_best_match,6.8430397727272725,0.4315796349893495,diagnostic-only (no runtime consumer as of v4)
ncep_gfs_global,precipitation,7,23100,0.14902164502164503,2.064335369914617,-0.062303030303030305,0.0004940764190104366,openmeteo_historical_forecast_best_match,6.710434580525215,0.42271191053643425,diagnostic-only (no runtime consumer as of v4)
ncep_gfs_global,shortwave_radiation,0,24024,38.69384781884782,92.70313732553322,-3.6235014985014984,0.9415489715719864,openmeteo_historical_forecast_best_match,0.02584390171485863,0.00010969013582319124,diagnostic-only (no runtime consumer as of v4)
ncep_gfs_global,shortwave_radiation,1,23244,43.284417484081914,104.03015208799839,-10.966227843744623,0.9275246094912775,openmeteo_historical_forecast_best_match,0.023103002376496245,0.31834038754583494,diagnostic-only (no runtime consumer as of v4)
ncep_gfs_global,shortwave_radiation,2,23220,47.818518518518516,114.11931778092527,-12.656330749354005,0.9126851844583335,openmeteo_historical_forecast_best_match,0.020912400278832004,0.4683516078739817,diagnostic-only (no runtime consumer as of v4)
ncep_gfs_global,shortwave_radiation,3,23196,51.342127953095364,121.54655207546914,-13.75012933264356,0.9007520299683764,openmeteo_historical_forecast_best_match,0.019477182576335173,0.4655368421029591,diagnostic-only (no runtime consumer as of v4)
ncep_gfs_global,shortwave_radiation,4,23172,55.61721042637666,130.31338920533022,-16.89685827723114,0.8858392009865126,openmeteo_historical_forecast_best_match,0.017980045966594298,0.4720372407609656,diagnostic-only (no runtime consumer as of v4)
ncep_gfs_global,shortwave_radiation,5,23148,61.040133056851566,133.51328431396394,-17.571237255918437,0.8789058916455975,openmeteo_historical_forecast_best_match,0.016382664157507977,0.4576811484067612,diagnostic-only (no runtime consumer as of v4)
ncep_gfs_global,shortwave_radiation,6,23124,62.24251859539872,134.462056787211,-14.493253762324857,0.8768680798363228,openmeteo_historical_forecast_best_match,0.016066187914091333,0.48424641726319273,diagnostic-only (no runtime consumer as of v4)
ncep_gfs_global,shortwave_radiation,7,23100,68.84588744588744,145.65842121551253,-17.32017316017316,0.8551383402819075,openmeteo_historical_forecast_best_match,0.01452519587006552,0.4617054425584233,diagnostic-only (no runtime consumer as of v4)
ncep_gfs_global,diffuse_radiation,0,24024,33.752830502830506,74.91988561616509,-25.802530802530804,0.8117555301586857,openmeteo_historical_forecast_best_match,0.02962714489725951,0.0001442217755812497,diagnostic-only (no runtime consumer as of v4)
ncep_gfs_global,diffuse_radiation,1,23215,35.62283006676718,78.46279588533308,-26.55481369804006,0.7853660975524281,openmeteo_historical_forecast_best_match,0.02807188530854285,0.30243294357873296,diagnostic-only (no runtime consumer as of v4)
ncep_gfs_global,diffuse_radiation,2,23220,36.459560723514215,80.17597704696196,-26.9775624461671,0.7720586920831348,openmeteo_historical_forecast_best_match,0.02742764806146061,0.4646333251129372,diagnostic-only (no runtime consumer as of v4)
ncep_gfs_global,diffuse_radiation,3,23196,37.133686842559065,81.65277190340974,-26.861743404035177,0.7567431421924152,openmeteo_historical_forecast_best_match,0.026929725675768238,0.4718480821209937,diagnostic-only (no runtime consumer as of v4)
ncep_gfs_global,diffuse_radiation,4,23143,38.11744371948321,83.62018170308447,-27.62338504083308,0.7410084749458156,openmeteo_historical_forecast_best_match,0.026234707850801224,0.4517461521977601,diagnostic-only (no runtime consumer as of v4)
ncep_gfs_global,diffuse_radiation,5,23148,37.46163815448419,82.18843856171239,-27.327285294625884,0.7581497058675248,openmeteo_historical_forecast_best_match,0.026693974136320547,0.4582948860512355,diagnostic-only (no runtime consumer as of v4)
ncep_gfs_global,diffuse_radiation,6,23095,37.42082701883525,81.51760641651529,-27.08032041567439,0.7637947692697333,openmeteo_historical_forecast_best_match,0.02672308657146097,0.47942745157417027,diagnostic-only (no runtime consumer as of v4)
ncep_gfs_global,diffuse_radiation,7,23100,38.60493506493506,83.36480877439438,-27.436277056277056,0.7472306382588599,openmeteo_historical_forecast_best_match,0.02590342396167639,0.4678479431817547,diagnostic-only (no runtime consumer as of v4)
ncep_gfs_global,direct_normal_irradiance,0,24024,91.46153846153847,178.06836575348774,48.422327672327675,0.8408655415685281,openmeteo_historical_forecast_best_match,0.010933557611438183,1.5427421997853508e-05,diagnostic-only (no runtime consumer as of v4)
ncep_gfs_global,direct_normal_irradiance,1,23215,93.51791944863236,182.02126556243434,37.05933663579582,0.8271347415501039,openmeteo_historical_forecast_best_match,0.010693137806057386,0.30343090047995097,diagnostic-only (no runtime consumer as of v4)
ncep_gfs_global,direct_normal_irradiance,2,23220,100.30287252368649,194.7293019001468,34.37680878552972,0.7991364133083756,openmeteo_historical_forecast_best_match,0.009969804202405572,0.4774860029284691,diagnostic-only (no runtime consumer as of v4)
ncep_gfs_global,direct_normal_irradiance,3,23196,106.3553629936196,204.58628124679362,32.04741334712882,0.7756267189852647,openmeteo_historical_forecast_best_match,0.009402440759475302,0.4742732452010758,diagnostic-only (no runtime consumer as of v4)
ncep_gfs_global,direct_normal_irradiance,4,23143,111.71662273689668,214.96438835895955,27.970608823402326,0.7489108934281761,openmeteo_historical_forecast_best_match,0.008951219393331425,0.4995537881058769,diagnostic-only (no runtime consumer as of v4)
ncep_gfs_global,direct_normal_irradiance,5,23148,129.25188785208226,232.93235468273596,31.072382063245204,0.6990162928339141,openmeteo_historical_forecast_best_match,0.007736830901413328,0.47725674310267563,diagnostic-only (no runtime consumer as of v4)
ncep_gfs_global,direct_normal_irradiance,6,23095,137.76146352024247,244.00580582532615,39.53006278415241,0.6764382108411753,openmeteo_historical_forecast_best_match,0.007258924044844089,0.48813207454377217,diagnostic-only (no runtime consumer as of v4)
ncep_gfs_global,direct_normal_irradiance,7,23100,148.35262337662337,260.03649668753,33.99674458874459,0.6247810114458022,openmeteo_historical_forecast_best_match,0.006740696438251019,0.48924055955003337,diagnostic-only (no runtime consumer as of v4)
ncep_gfs_global,uv_index,0,24024,4.9950049950049984e-05,0.0054363388004961205,4.162504162504163e-05,0.999996314407563,openmeteo_historical_forecast_best_match,20019.999999999985,1.0,diagnostic-only (no runtime consumer as of v4)
ncep_gfs_global,uv_index_clear_sky,0,24024,0.0,0.0,0.0,1.0,openmeteo_historical_forecast_best_match,1000000.0,1.0,diagnostic-only (no runtime consumer as of v4)
ncep_hrrr_conus,cloud_cover,0,24024,0.002580752580752581,0.36848458011277185,0.002580752580752581,0.9999651144786053,openmeteo_historical_forecast_best_match,387.4838709677419,0.9996573443546701,diagnostic-only (no runtime consumer as of v4)
ncep_hrrr_conus,cloud_cover,1,23221,25.99315274966625,43.080958096575884,14.24017053529133,0.5674344450676989,openmeteo_historical_forecast_best_match,0.038471670198330976,0.24755165062117862,diagnostic-only (no runtime consumer as of v4)
ncep_hrrr_conus,precipitation,0,24024,0.0,0.0,0.0,1.0,openmeteo_historical_forecast_best_match,1000000.0,0.999982677684438,diagnostic-only (no runtime consumer as of v4)
ncep_hrrr_conus,precipitation,1,23221,0.21179535765040267,2.4171354571259944,0.04019206752508505,0.18519064072871755,openmeteo_historical_forecast_best_match,4.721538805636323,0.2477544129497914,diagnostic-only (no runtime consumer as of v4)
ncep_hrrr_conus,shortwave_radiation,0,24024,0.004245754245754246,0.4710217318356679,0.000666000666000666,0.9999985062531802,openmeteo_historical_forecast_best_match,235.52941176470588,0.9996653543986073,diagnostic-only (no runtime consumer as of v4)
ncep_hrrr_conus,shortwave_radiation,1,23078,39.83846087182598,101.26371586502721,-12.03449172371956,0.9316272794533857,openmeteo_historical_forecast_best_match,0.02510137134106018,0.34587626969100793,diagnostic-only (no runtime consumer as of v4)
ncep_hrrr_conus,diffuse_radiation,0,24024,0.00487012987012987,0.5337821746025339,4.1625041625041625e-05,0.9999891950795085,openmeteo_historical_forecast_best_match,205.33333333333334,0.9995407259809626,diagnostic-only (no runtime consumer as of v4)
ncep_hrrr_conus,diffuse_radiation,1,23221,32.78945781835407,76.55943198521636,3.463330605917058,0.7971080382213616,openmeteo_historical_forecast_best_match,0.030497607052235084,0.3285664988844938,diagnostic-only (no runtime consumer as of v4)
ncep_hrrr_conus,direct_normal_irradiance,0,24024,0.0014110889110889114,0.2187142292717008,0.0014110889110889114,0.9999997368906373,openmeteo_historical_forecast_best_match,708.6725663716812,0.9999481530403412,diagnostic-only (no runtime consumer as of v4)
ncep_hrrr_conus,direct_normal_irradiance,1,23078,78.49428893318311,185.73437357325315,-29.3193170985354,0.8087475758543319,openmeteo_historical_forecast_best_match,0.012739780353335419,0.3615068929851037,diagnostic-only (no runtime consumer as of v4)
ncep_nbm_conus,cloud_cover,0,16943,20.47187629109367,26.943895401004568,-2.784099628165024,0.7937836352467083,openmeteo_historical_forecast_best_match,0.04884750111718153,0.0001260201182650739,diagnostic-only (no runtime consumer as of v4)
ncep_nbm_conus,cloud_cover,1,16682,24.9283659033689,32.524513271585334,-3.907624985013787,0.6765165255962927,openmeteo_historical_forecast_best_match,0.04011494391073812,0.2581255383113062,diagnostic-only (no runtime consumer as of v4)
ncep_nbm_conus,cloud_cover,2,16896,26.725970643939394,34.001401277384986,-4.1686789772727275,0.6387689759956309,openmeteo_historical_forecast_best_match,0.03741678883519871,0.3424438716088942,diagnostic-only (no runtime consumer as of v4)
ncep_nbm_conus,cloud_cover,3,16872,28.151967757230913,35.221530173555976,-4.149834044570887,0.6034319514372696,openmeteo_historical_forecast_best_match,0.035521495641921766,0.3404913207661278,diagnostic-only (no runtime consumer as of v4)
ncep_nbm_conus,cloud_cover,4,16848,30.09698480531814,36.89626380815474,-3.9032526115859447,0.549222656933498,openmeteo_historical_forecast_best_match,0.03322591968825063,0.3353564449959373,diagnostic-only (no runtime consumer as of v4)
ncep_nbm_conus,cloud_cover,5,16824,31.356692819781266,37.15452288872676,-2.7680099857346647,0.5341713161514886,openmeteo_historical_forecast_best_match,0.03189111829322617,0.34440861827504676,diagnostic-only (no runtime consumer as of v4)
ncep_nbm_conus,cloud_cover,6,16800,33.22226190476191,39.005133972215454,-3.5277380952380955,0.4663292836817424,openmeteo_historical_forecast_best_match,0.030100298494626736,0.34489888480440084,diagnostic-only (no runtime consumer as of v4)
ncep_nbm_conus,cloud_cover,7,16776,34.393717215069145,39.893368691076645,-3.5090009537434432,0.42742796634357777,openmeteo_historical_forecast_best_match,0.029075077687789542,0.34827887300571625,diagnostic-only (no runtime consumer as of v4)
ncep_nbm_conus,precipitation,0,16943,0.17494540518208113,2.1619453172414818,-0.001882783450392493,0.25835491074314004,openmeteo_historical_forecast_best_match,5.716068958537161,5.715969942986887e-06,diagnostic-only (no runtime consumer as of v4)
ncep_nbm_conus,precipitation,1,16920,0.19569739952718676,2.2346185568375305,0.006820330969267135,0.12614986778557194,openmeteo_historical_forecast_best_match,5.109929934766852,0.26813455174644213,diagnostic-only (no runtime consumer as of v4)
ncep_nbm_conus,precipitation,2,16896,0.19902935606060604,2.2391399314414806,0.0016690340909090954,0.08889626582576143,openmeteo_historical_forecast_best_match,5.0243844415368155,0.351870386375346,diagnostic-only (no runtime consumer as of v4)
ncep_nbm_conus,precipitation,3,16872,0.19579184447605502,2.2301210771988,-0.004954954954954954,0.10853207212568983,openmeteo_historical_forecast_best_match,5.10746503602349,0.3705104746081037,diagnostic-only (no runtime consumer as of v4)
ncep_nbm_conus,precipitation,4,16848,0.2018933998100665,2.2338109951836187,-0.006582383665717,0.09954397824801316,openmeteo_historical_forecast_best_match,4.953108922534176,0.35834100301241895,diagnostic-only (no runtime consumer as of v4)
ncep_nbm_conus,precipitation,5,16824,0.19557774607703282,2.244352027808156,-0.019567284831193535,0.06452508194186748,openmeteo_historical_forecast_best_match,5.113056163384391,0.3335431133701039,diagnostic-only (no runtime consumer as of v4)
ncep_nbm_conus,precipitation,6,16800,0.19930357142857144,2.3088261034972897,-0.02010119047619047,0.03219170084576176,openmeteo_historical_forecast_best_match,5.017471552728249,0.3164439508193701,diagnostic-only (no runtime consumer as of v4)
ncep_nbm_conus,precipitation,7,16776,0.1927694325226514,2.2494612029074403,-0.029536242250834528,0.05025444384687867,openmeteo_historical_forecast_best_match,5.18754445097251,0.3267801510541867,diagnostic-only (no runtime consumer as of v4)
ncep_nbm_conus,shortwave_radiation,0,16806,38.347494942282516,78.52153261454222,-4.616089491848149,0.9556040300296873,openmeteo_historical_forecast_best_match,0.02607732269096371,0.00011068085227364993,diagnostic-only (no runtime consumer as of v4)
ncep_nbm_conus,diffuse_radiation,0,16806,34.13067951921932,68.93398494657093,2.7499226466738076,0.805226246419084,openmeteo_historical_forecast_best_match,0.02929915296403314,0.0001426251458975501,diagnostic-only (no runtime consumer as of v4)
ncep_nbm_conus,direct_normal_irradiance,0,16806,81.46340592645484,148.4542888289607,-7.245519457336666,0.8647991929049625,openmeteo_historical_forecast_best_match,0.012275450413929415,1.7320853877542613e-05,diagnostic-only (no runtime consumer as of v4)
